03 Aug 2026 21:01:01,152 MainUtils:  Get Today in EpochMilli
03 Aug 2026 21:01:01,154 MainUtils:  Today in EpochMillis : 1785695400000
03 Aug 2026 21:01:01,154 MainUtils:  Get given day in EpochMilli
03 Aug 2026 21:01:01,154 MainUtils:  Day (After 6  from today) in EpochMillis : 1786213800000
03 Aug 2026 21:01:01,154 MainUtils:  Get given day in EpochMilli
03 Aug 2026 21:01:01,155 MainUtils:  Day (After 14  from today) in EpochMillis : 1786905000000
03 Aug 2026 21:01:01,155 MainUtils:  Get given day in EpochMilli
03 Aug 2026 21:01:01,155 MainUtils:  Day (After 30  from today) in EpochMillis : 1788287400000
03 Aug 2026 21:01:01,155 MainUtils:  Generating random string of length 6 containing letters  yes and numbers yes 
03 Aug 2026 21:01:01,170 MainUtils:  Generating random string of length 6 containing letters  yes and numbers yes 
03 Aug 2026 21:01:01,719 InitializeTestSuite: ===================    lazsa e2e api automation execution started    =============================
03 Aug 2026 21:01:01,722 MainUtils: Staring Login to the platform and getting authorization from the cookies
03 Aug 2026 21:01:39,076 MainUtils: Login to the platform and setting authorization from the cookies is successful
03 Aug 2026 21:01:39,295 InitializeTestSuite: Configuration setting required to execute test suite completed
03 Aug 2026 21:01:39,366 TestListener: [INFO] ExtentLog4jAppender successfully injected into Log4j2 Core Pipeline.
03 Aug 2026 21:01:39,366 TestListener: ===== Starting Tests Suite Execution =====
03 Aug 2026 21:01:39,367 TestListener: ===== Total tests to be executed in current execution: 41 =====
03 Aug 2026 21:01:39,373 ProductLineTests: ===== Starting: Setup for ProductLine Tests =======
03 Aug 2026 21:01:41,256 MainUtils: GET https://accelerate-qa.calibo.com/configuration/settings/fieldvalues?isUsageRequired=false
03 Aug 2026 21:01:41,258 MainUtils: Response Status => HTTP/1.1 200 
03 Aug 2026 21:01:41,258 MainUtils: Response Header: X-Traceid => 6a70b45df50811e6b104596cd775bd26
03 Aug 2026 21:01:41,281 MainUtils: 
 Response Body => [
    {
        "id": "1c173624-894b-43ba-af59-ebb2eaabe79f",
        "objectName": "businessGroup",
        "consumedIn": "Product or Idea",
        "isCreationEnabled": true,
        "values": [
            {
                "id": "a4472f5a-67ef-4da0-ab2c-5d399733e831",
                "objectValue": "BG_Automation",
                "usage": [
                    
                ],
                "used": false
            },
            {
                "id": "4fbe8acc-ae75-47f2-a626-19b502d2af43",
                "objectValue": "Consulting Service",
                "usage": [
                    
                ],
                "used": false
            },
            {
                "id": "13f5a196-d93c-44a2-9cc5-44e0eeb98322",
                "objectValue": "Digital Commerce",
                "usage": [
                    
                ],
                "used": false
            },
            {
                "id": "8110abf2-7bbc-4a58-b883-620e31f2bf2b",
                "objectValue": "Human Resource",
                "usage": [
                    
                ],
                "used": false
            },
            {
                "id": "6df6192c-4835-4462-b182-e02daed2587c",
                "objectValue": "test",
                "usage": [
                    
                ],
                "used": false
            }
        ]
    },
    {
        "id": "1db14392-b344-4163-8804-f3634551b06c",
        "objectName": "tags",
        "consumedIn": null,
        "isCreationEnabled": true,
        "values": [
            {
                "id": "1cedb10e-c99b-40eb-a3c9-b769258e4e48",
                "objectValue": "Automation",
                "usage": [
                    
                ],
                "used": false
            },
            {
                "id": "393546b4-649c-456a-b0c4-3033524314d1",
                "objectValue": "Tag_Automation",
                "usage": [
                    
                ],
                "used": false
            },
            {
                "id": "7cde1400-a697-473a-8ee7-01a74b277bac",
                "objectValue": "TrainTags",
                "usage": [
                    
                ],
                "used": false
            }
        ]
    },
    {
        "id": "5af480af-4a4d-47d4-a69c-719840280e04",
        "objectName": "customer",
        "consumedIn": null,
        "isCreationEnabled": true,
        "values": [
            {
                "id": "59119a4b-b87f-4312-9be9-0f76d0ade144",
                "objectValue": "Cust_Automation",
                "usage": [
                    
                ],
                "used": false
            }
        ]
    },
    {
        "id": "cb9b849c-b40f-499b-88a7-18ff1a641acc",
        "objectName": "costArea",
        "consumedIn": null,
        "isCreationEnabled": true,
        "values": [
            
        ]
    },
    {
        "id": "e22b576a-7ab0-47cd-814e-e6b0a1f1d384",
        "objectName": "skillSet",
        "consumedIn": null,
        "isCreationEnabled": true,
        "values": [
            {
                "id": "2bef4352-192e-4464-a832-ee0311c488f9",
                "objectValue": "Automation",
                "usage": [
                    
                ],
                "used": false
            },
            {
                "id": "77e01ed1-8ece-4cbf-84c7-68332907a817",
                "objectValue": "QA",
                "usage": [
                    
                ],
                "used": false
            }
        ]
    },
    {
        "id": "f55ea326-d28e-4793-aeea-6af1b7e804f7",
        "objectName": "company",
        "consumedIn": "Users",
        "isCreationEnabled": true,
        "values": [
            {
                "id": "b4d2be2a-323e-4d1e-bb43-8c598ea86bbe",
                "objectValue": "AutomationOrg",
                "usage": [
                    
                ],
                "used": false
            },
            {
                "id": "670507e7-3fc5-4bb4-83b6-ca85ee05fb80",
                "objectValue": "AutomationOrgz",
                "usage": [
                    
                ],
                "used": false
            },
            {
                "id": "8e5afa23-dd06-4768-931d-7ffa402fcc5d",
                "objectValue": "Company_Automation",
                "usage": [
                    
                ],
                "used": false
            }
        ]
    }
]
03 Aug 2026 21:01:44,034 MainUtils: GET https://accelerate-qa.calibo.com/keycloakadapter/users/v2/userInfo
03 Aug 2026 21:01:44,035 MainUtils: Response Status => HTTP/1.1 200 
03 Aug 2026 21:01:44,036 MainUtils: Response Header: X-Traceid => 6a70b45f4137228b629c6a689de25a49
03 Aug 2026 21:01:44,039 MainUtils: 
 Response Body => {
    "id": "154ac92e-c641-44f0-ad96-0d7c7c6be7e2",
    "username": "api.automation@calibo.com",
    "firstName": "API",
    "lastName": "Automation",
    "email": "api.automation@calibo.com",
    "roles": [
        "tenantAdmin",
        "Innovator"
    ],
    "s3BaseUrl": "https://novartisidp-altimetrik-bucket.s3.amazonaws.com/tenants/Tenant296388Tenant296388",
    "language": "en",
    "region": "US",
    "tenant": "Tenant296388",
    "databaseId": "a60028df-7214-4fbc-a56b-74a47d538760",
    "accountSetup": true,
    "adConfigDelegated": null,
    "adConfigCompleted": true,
    "identityProvider": "ADAZURE",
    "objectPermissions": {
        "Products": [
            "Products_View"
        ],
        "Data Pipeline Center": [
            "DPC_M_V"
        ],
        "Maturity Assessment": [
            "MAT_ORG_V"
        ],
        "Release Trains": [
            "Release_Trains_View"
        ],
        "Dashboard": [
            "Dashboard_View"
        ],
        "AIOps": [
            "AIOps_M_V"
        ],
        "Product Lines": [
            "Product_Lines_View"
        ],
        "Tenant Root": [
            "Tenant_Access"
        ]
    },
    "tenantAliasName": "Automation",
    "roleNames": [
        "Tenant Admin",
        "User"
    ],
    "organizationName": null,
    "country": "",
    "browserRegion": "US",
    "applicationRegion": "US",
    "supportedRegions": [
        "US",
        "IN"
    ]
}
03 Aug 2026 21:01:45,399 MainUtils: GET https://accelerate-qa.calibo.com/rbac/roles/type/project
03 Aug 2026 21:01:45,400 MainUtils: Response Status => HTTP/1.1 200 
03 Aug 2026 21:01:45,400 MainUtils: Response Header: X-Traceid => 6a70b461eb1551329e33f26449a7870d
03 Aug 2026 21:01:45,408 MainUtils: 
 Response Body => [
    {
        "id": "4515cc50-1938-406c-9b9a-1615249c7b3d",
        "key": "Owner",
        "name": "Product Owner",
        "value": "Product Owner",
        "description": "A Product Owner can manage design artifacts, business requirements, user stories, user feedback, technologies, development stages, and branch templates. They can configure cloud instances and clusters, and can manage Terraform runs, Jenkins job runs, and secrets throughout the product development cycle. They can edit and delete a product and can initiate maturity assessment at the product and team level.",
        "priority": 12,
        "editable": false,
        "roleType": "project",
        "permissions": null
    },
    {
        "id": "4b6a5dcd-1506-4e40-ab7f-03292cd24fe7",
        "key": "Scrum Master",
        "name": "Scrum Master",
        "value": "Scrum Master",
        "description": "A Scrum Master can manage business requirements, user stories, and user feedback. They can edit product details and can initiate team maturity assessment.",
        "priority": 16,
        "editable": true,
        "roleType": "project",
        "permissions": null
    },
    {
        "id": "4d1a9586-60af-48d0-b991-e9c17dd7e6b2",
        "key": "Product Viewer",
        "name": "Product Viewer",
        "value": "Product Viewer",
        "description": "A member or team member within a private product with view-only access to product details.",
        "priority": 17,
        "editable": true,
        "roleType": "project",
        "permissions": null
    },
    {
        "id": "5bc63efe-452d-4032-b425-71d9fadef853",
        "key": "Developer",
        "name": "Developer",
        "value": "Developer",
        "description": "A Developer can manage design artifacts, business requirements, user stories, user feedback, technologies, development stages, and branch templates. They can configure cloud instances and clusters, and can manage Terraform runs, Jenkins job runs, and secrets throughout the product development cycle.",
        "priority": 4,
        "editable": false,
        "roleType": "project",
        "permissions": null
    },
    {
        "id": "93364872-8c81-47e1-aafe-819b5aac62bc",
        "key": "ConfluenceRole",
        "name": "ConfluenceRole",
        "value": "ConfluenceRole",
        "description": "Do not edit or delete as used in automation daily execution",
        "priority": 18,
        "editable": true,
        "roleType": "project",
        "permissions": null
    },
    {
        "id": "ac279595-5361-11f1-b742-02c61753e37d",
        "key": "Data Scientist",
        "name": "Data Scientist",
        "value": "Data Scientist",
        "description": "A Data Scientist represents the demand-side role responsible for defining and managing MVD specifications. They define business logic, validate data suitability, establish data quality expectations, and assess whether published data assets meet analytical and business needs. Data Scientists are not involved in data asset creation. Their permissions include creating, editing, viewing, deleting, and versioning MVD specifications.",
        "priority": 19,
        "editable": true,
        "roleType": "project",
        "permissions": null
    },
    {
        "id": "ad59120a-5361-11f1-b742-02c61753e37d",
        "key": "Data Engineer",
        "name": "Data Engineer",
        "value": "Data Engineer",
        "description": "A Data Engineer typically represents the supply-side role involved in the MVD asset creation process. They are responsible for designing, building, transforming, publishing, and maintaining data assets that support analytics, reporting, AI/ML, and semantic use cases. Data engineers also manage data asset ownership transfer, unpublishing requests, and certification or decertification of data assets.",
        "priority": 20,
        "editable": true,
        "roleType": "project",
        "permissions": null
    },
    {
        "id": "f3b3c02b-f76b-4e8d-8dd0-a23159abe7c4",
        "key": "Product Release Manager",
        "name": "Product Release Manager",
        "value": "Product Release Manager",
        "description": "A Product Release Manager can manage business requirements, user stories, and user feedback and can edit product details.",
        "priority": 21,
        "editable": true,
        "roleType": "project",
        "permissions": null
    },
    {
        "id": "f52a9f56-40d3-4682-8ee7-7ebda177ba09",
        "key": "Designer",
        "name": "Designer",
        "value": "Designer",
        "description": "Designer",
        "priority": 7,
        "editable": false,
        "roleType": "project",
        "permissions": null
    }
]
03 Aug 2026 21:01:47,616 MainUtils: GET https://accelerate-qa.calibo.com/elab/portfolios?limit=10&offset=0&sort=asc&search=DefaultAutomationPL
03 Aug 2026 21:01:47,616 MainUtils: Response Status => HTTP/1.1 200 
03 Aug 2026 21:01:47,617 MainUtils: Response Header: X-Traceid => 6a70b46227897778fa30ad36d1bf718b
03 Aug 2026 21:01:47,619 MainUtils: 
 Response Body => {
    "portfolios": [
        {
            "id": "6b6c1fe7-e0e7-47b8-bf75-14f8fb7eb3da",
            "code": "80c49014-85ca-42f8-82dd-7d4d579254d1",
            "title": "DefaultAutomationPL",
            "description": "Do not delete or edit. This is Automation Testing Default Product line",
            "strategy": "Automation Testing Strategy",
            "visibility": true,
            "priority": "LOW",
            "value": 100.00,
            "currency": "USD",
            "createdBy": "api.automation@calibo.com",
            "name": "API Automation",
            "createdOn": "2025-02-06T12:01:06",
            "workflowEnabled": false,
            "workflowStatus": "NONE",
            "projectCount": 126,
            "additionalAttributes": [
                
            ]
        }
    ],
    "totalElements": 1,
    "totalPages": 1
}
03 Aug 2026 21:01:51,136 MainUtils: Request Method => POST
 Request URI => https://accelerate-qa.calibo.com/keycloakadapter/users/retrieveAllUsersWithTeams
03 Aug 2026 21:01:51,136 MainUtils: Request Body => {
    "search": "",
    "offset": 0,
    "limit": 200,
    "orderBy": "firstName",
    "sort": "asc",
    "status": [
        "ACTIVE"
    ]
}
03 Aug 2026 21:01:51,136 MainUtils: Response Status => HTTP/1.1 200 
03 Aug 2026 21:01:51,136 MainUtils: Response Header: X-Traceid => 6a70b465931cb58d15463cb55bc6c2d1
03 Aug 2026 21:01:51,142 MainUtils: 
 Response Body => {
    "users": [
        {
            "id": "0f44e029-1a33-4acd-9390-3db77196c17b",
            "firstName": "Nikhil Ramdas",
            "lastName": "Bhalerao",
            "fullName": null,
            "email": "nbhalerao.ext@calibo.com",
            "country": "",
            "roles": [
                "tenantAdmin",
                "Innovator"
            ],
            "teamRoles": [
                
            ],
            "usageFeaturesUnlimited": false,
            "usageLimits": {
                
            },
            "skills": [
                
            ],
            "costArea": null,
            "cost": null,
            "organizationName": null,
            "costAreaTitle": null,
            "teams": [
                
            ],
            "allocation": 0,
            "resourceAvailabilityStartDate": null,
            "resourceAvailabilityEndDate": null,
            "communicationEmail": null,
            "isAdministerProduct": null,
            "isWorkOnProduct": null,
            "additionalAttributes": [
                
            ],
            "status": "ACTIVE",
            "userRemovedFromAd": false,
            "manager": null,
            "managerName": null,
            "maximumAllocation": 100,
            "keycloakRole": null,
            "teamAllocation": null,
            "projectAllocation": null,
            "userType": null,
            "eulaAccepted": true
        },
        {
            "id": "36112cfd-14d7-4209-b09c-1a8f946996fe",
            "firstName": "Lazsa",
            "lastName": "Developer4",
            "fullName": null,
            "email": "lazsa-developer4@calibo.com",
            "country": "",
            "roles": [
                "AutomationRuntimeRole5966",
                "tenantAdmin",
                "AutomationRuntimeRoleUpdated",
                "AutomationRuntimeRole466",
                "Innovator"
            ],
            "teamRoles": [
                "Product Release Manager"
            ],
            "usageFeaturesUnlimited": false,
            "usageLimits": {
                
            },
            "skills": [
                
            ],
            "costArea": null,
            "cost": null,
            "organizationName": null,
            "costAreaTitle": null,
            "teams": [
                {
                    "id": "2d78b5bc-b56b-4d6a-a77c-b4c15d912d8f",
                    "name": "AutomationTeam",
                    "agileAssociation": true,
                    "userCount": 1,
                    "users": [
                        {
                            "id": "36112cfd-14d7-4209-b09c-1a8f946996fe",
                            "firstName": "Lazsa",
                            "lastName": "Developer4",
                            "email": "lazsa-developer4@calibo.com",
                            "code": null,
                            "memberShipType": "MEMBER",
                            "phoneNumber": null,
                            "country": "",
                            "additionalAttributes": [
                                
                            ],
                            "roles": [
                                "f3b3c02b-f76b-4e8d-8dd0-a23159abe7c4"
                            ],
                            "userTeamAllocation": 0,
                            "userAllocations": [
                                {
                                    "allocation": 10,
                                    "year": "2025",
                                    "month": "2"
                                },
                                {
                                    "allocation": 10,
                                    "year": "2027",
                                    "month": "10"
                                },
                                {
                                    "allocation": 10,
                                    "year": "2026",
                                    "month": "7"
                                },
                                {
                                    "allocation": 10,
                                    "year": "2027",
                                    "month": "9"
                                },
                                {
                                    "allocation": 10,
                                    "year": "2025",
                                    "month": "11"
                                },
                                {
                                    "allocation": 10,
                                    "year": "2026",
                                    "month": "12"
                                },
                                {
                                    "allocation": 10,
                                    "year": "2027",
                                    "month": "7"
                                },
                                {
                                    "allocation": 10,
                                    "year": "2026",
                                    "month": "2"
                                },
                                {
                                    "allocation": 10,
                                    "year": "2027",
                                    "month": "5"
                                },
                                {
                                    "allocation": 10,
                                    "year": "2025",
                                    "month": "4"
                                },
                                {
                                    "allocation": 10,
                                    "year": "2025",
                                    "month": "12"
                                },
                                {
                                    "allocation": 10,
                                    "year": "2026",
                                    "month": "6"
                                },
                                {
                                    "allocation": 10,
                                    "year": "2027",
                                    "month": "12"
                                },
                                {
                                    "allocation": 10,
                                    "year": "2026",
                                    "month": "9"
                                },
                                {
                                    "allocation": 10,
                                    "year": "2026",
                                    "month": "1"
                                },
                                {
                                    "allocation": 10,
                                    "year": "2027",
                                    "month": "3"
                                },
                                {
                                    "allocation": 10,
                                    "year": "2025",
                                    "month": "10"
                                },
                                {
                                    "allocation": 10,
                                    "year": "2025",
                                    "month": "6"
                                },
                                {
                                    "allocation": 10,
                                    "year": "2026",
                                    "month": "8"
                                },
                                {
                                    "allocation": 10,
                                    "year": "2026",
                                    "month": "4"
                                },
                                {
                                    "allocation": 10,
                                    "year": "2025",
                                    "month": "1"
                                },
                                {
                                    "allocation": 10,
                                    "year": "2025",
                                    "month": "5"
                                },
                                {
                                    "allocation": 10,
                                    "year": "2027",
                                    "month": "1"
                                },
                                {
                                    "allocation": 10,
                                    "year": "2025",
                                    "month": "9"
                                },
                                {
                                    "allocation": 10,
                                    "year": "2025",
                                    "month": "3"
                                },
                                {
                                    "allocation": 10,
                                    "year": "2028",
                                    "month": "1"
                                },
                                {
                                    "allocation": 10,
                                    "year": "2026",
                                    "month": "3"
                                },
                                {
                                    "allocation": 10,
                                    "year": "2026",
                                    "month": "5"
                                },
                                {
                                    "allocation": 10,
                                    "year": "2025",
                                    "month": "7"
                                },
                                {
                                    "allocation": 10,
                                    "year": "2027",
                                    "month": "2"
                                },
                                {
                                    "allocation": 10,
                                    "year": "2026",
                                    "month": "10"
                                },
                                {
                                    "allocation": 10,
                                    "year": "2027",
                                    "month": "11"
                                },
                                {
                                    "allocation": 10,
                                    "year": "2025",
                                    "month": "8"
                                },
                                {
                                    "allocation": 10,
                                    "year": "2027",
                                    "month": "4"
                                },
                                {
                                    "allocation": 10,
                                    "year": "2027",
                                    "month": "8"
                                },
                                {
                                    "allocation": 10,
                                    "year": "2026",
                                    "month": "11"
                                },
                                {
                                    "allocation": 10,
                                    "year": "2027",
                                    "month": "6"
                                }
                            ],
                            "costArea": null,
                            "cost": null,
                            "skills": [
                                
                            ],
                            "organizationName": "",
                            "communicationEmail": null,
                            "resourceStartDate": null,
                            "resourceEndDate": null,
                            "allocationFrom": 1738131048000,
                            "allocationTo": 1832739048000,
                            "status": "ACTIVE",
                            "forecastStatus": null,
                            "manager": null,
                            "managerName": null,
                            "userConstantAllocation": null,
                            "deleted": false
                        }
                    ],
                    "description": "Do not edit or delete used for daily automation execution",
                    "additionalAttributes": [
                        
                    ],
                    "createdBy": "ddeshpande@calibo.com",
                    "createdOn": 1738159600699,
                    "updatedBy": "ddeshpande@calibo.com",
                    "updatedOn": 1738159600699,
                    "organisation": null,
                    "status": "ACTIVE",
                    "deactivatedOn": null,
                    "adGroupLink": false,
                    "adGroups": null,
                    "existingAdGroup": false
                }
            ],
            "allocation": 10,
            "resourceAvailabilityStartDate": null,
            "resourceAvailabilityEndDate": null,
            "communicationEmail": null,
            "isAdministerProduct": null,
            "isWorkOnProduct": null,
            "additionalAttributes": [
                
            ],
            "status": "ACTIVE",
            "userRemovedFromAd": false,
            "manager": null,
            "managerName": null,
            "maximumAllocation": 100,
            "keycloakRole": null,
            "teamAllocation": null,
            "projectAllocation": null,
            "userType": null,
            "eulaAccepted": true
        },
        {
            "id": "48f842c1-0962-4aed-9934-eb0681e3ae83",
            "firstName": "Mahadev",
            "lastName": "Kammar",
            "fullName": null,
            "email": "mkammar.ext@calibo.com",
            "country": "India",
            "roles": [
                "tenantAdmin",
                "Innovator"
            ],
            "teamRoles": [
                
            ],
            "usageFeaturesUnlimited": false,
            "usageLimits": {
                
            },
            "skills": [
                
            ],
            "costArea": null,
            "cost": null,
            "organizationName": {
                "id": "8e5afa23-dd06-4768-931d-7ffa402fcc5d",
                "objectValue": "Company_Automation"
            },
            "costAreaTitle": null,
            "teams": [
                
            ],
            "allocation": 0,
            "resourceAvailabilityStartDate": 1785177000000,
            "resourceAvailabilityEndDate": 1785522599000,
            "communicationEmail": null,
            "isAdministerProduct": false,
            "isWorkOnProduct": true,
            "additionalAttributes": [
                
            ],
            "status": "ACTIVE",
            "userRemovedFromAd": false,
            "manager": null,
            "managerName": null,
            "maximumAllocation": 100,
            "keycloakRole": null,
            "teamAllocation": null,
            "projectAllocation": null,
            "userType": null,
            "eulaAccepted": true
        },
        {
            "id": "4cb64a11-3d70-4d10-942a-4da8c7e451af",
            "firstName": "Adaikkappan",
            "lastName": "Ramanathan",
            "fullName": null,
            "email": "adramanathan.ext@calibo.com",
            "country": "India",
            "roles": [
                "tenantAdmin",
                "Innovator"
            ],
            "teamRoles": [
                
            ],
            "usageFeaturesUnlimited": false,
            "usageLimits": {
                
            },
            "skills": [
                
            ],
            "costArea": null,
            "cost": null,
            "organizationName": {
                "id": "8e5afa23-dd06-4768-931d-7ffa402fcc5d",
                "objectValue": "Company_Automation"
            },
            "costAreaTitle": null,
            "teams": [
                
            ],
            "allocation": 0,
            "resourceAvailabilityStartDate": null,
            "resourceAvailabilityEndDate": null,
            "communicationEmail": null,
            "isAdministerProduct": true,
            "isWorkOnProduct": true,
            "additionalAttributes": [
                
            ],
            "status": "ACTIVE",
            "userRemovedFromAd": false,
            "manager": null,
            "managerName": null,
            "maximumAllocation": 100,
            "keycloakRole": null,
            "teamAllocation": null,
            "projectAllocation": null,
            "userType": null,
            "eulaAccepted": true
        },
        {
            "id": "4d80e70a-04fb-4f31-bf50-10cc7b6709c9",
            "firstName": "Siddesh",
            "lastName": "Belura",
            "fullName": null,
            "email": "sibelura.ext@calibo.com",
            "country": "",
            "roles": [
                "tenantAdmin",
                "CaliboSuperAdmin",
                "Innovator"
            ],
            "teamRoles": [
                
            ],
            "usageFeaturesUnlimited": false,
            "usageLimits": {
                
            },
            "skills": [
                
            ],
            "costArea": null,
            "cost": null,
            "organizationName": null,
            "costAreaTitle": null,
            "teams": [
                
            ],
            "allocation": 0,
            "resourceAvailabilityStartDate": null,
            "resourceAvailabilityEndDate": null,
            "communicationEmail": null,
            "isAdministerProduct": null,
            "isWorkOnProduct": null,
            "additionalAttributes": [
                
            ],
            "status": "ACTIVE",
            "userRemovedFromAd": false,
            "manager": null,
            "managerName": null,
            "maximumAllocation": 100,
            "keycloakRole": null,
            "teamAllocation": null,
            "projectAllocation": null,
            "userType": null,
            "eulaAccepted": true
        },
        {
            "id": "69e09025-7f63-4b61-b1e7-c57bb77be22d",
            "firstName": "Nagaramani",
            "lastName": "Kanaparti",
            "fullName": null,
            "email": "nkanaparti@calibo.com",
            "country": "India",
            "roles": [
                "tenantAdmin",
                "Innovator"
            ],
            "teamRoles": [
                
            ],
            "usageFeaturesUnlimited": false,
            "usageLimits": {
                
            },
            "skills": [
                
            ],
            "costArea": null,
            "cost": null,
            "organizationName": null,
            "costAreaTitle": null,
            "teams": [
                
            ],
            "allocation": 0,
            "resourceAvailabilityStartDate": null,
            "resourceAvailabilityEndDate": null,
            "communicationEmail": null,
            "isAdministerProduct": null,
            "isWorkOnProduct": null,
            "additionalAttributes": [
                
            ],
            "status": "ACTIVE",
            "userRemovedFromAd": false,
            "manager": null,
            "managerName": null,
            "maximumAllocation": 100,
            "keycloakRole": null,
            "teamAllocation": null,
            "projectAllocation": null,
            "userType": null,
            "eulaAccepted": true
        },
        {
            "id": "7377c855-879b-4de1-bd53-a90f22292a6f",
            "firstName": "Kiran",
            "lastName": "Gaikwad",
            "fullName": null,
            "email": "kgaikwad.ext@calibo.com",
            "country": "India",
            "roles": [
                "tenantAdmin",
                "Innovator"
            ],
            "teamRoles": [
                
            ],
            "usageFeaturesUnlimited": false,
            "usageLimits": {
                
            },
            "skills": [
                
            ],
            "costArea": null,
            "cost": null,
            "organizationName": {
                "id": "8e5afa23-dd06-4768-931d-7ffa402fcc5d",
                "objectValue": "Company_Automation"
            },
            "costAreaTitle": null,
            "teams": [
                
            ],
            "allocation": 0,
            "resourceAvailabilityStartDate": null,
            "resourceAvailabilityEndDate": null,
            "communicationEmail": "",
            "isAdministerProduct": true,
            "isWorkOnProduct": true,
            "additionalAttributes": [
                
            ],
            "status": "ACTIVE",
            "userRemovedFromAd": false,
            "manager": null,
            "managerName": null,
            "maximumAllocation": 100,
            "keycloakRole": null,
            "teamAllocation": null,
            "projectAllocation": null,
            "userType": null,
            "eulaAccepted": true
        },
        {
            "id": "873dc50b-edf6-46e0-b6b7-426c9381e6e6",
            "firstName": "e2e",
            "lastName": "automation",
            "fullName": null,
            "email": "e2e.automation@calibo.com",
            "country": "",
            "roles": [
                "tenantAdmin",
                "Innovator"
            ],
            "teamRoles": [
                "Developer"
            ],
            "usageFeaturesUnlimited": false,
            "usageLimits": {
                
            },
            "skills": [
                
            ],
            "costArea": null,
            "cost": null,
            "organizationName": null,
            "costAreaTitle": null,
            "teams": [
                {
                    "id": "02b3a40b-d572-4cf1-8aa7-be2d640d1bc0",
                    "name": "TeamOne_OrgH_33m9OK",
                    "agileAssociation": true,
                    "userCount": 1,
                    "users": [
                        {
                            "id": "873dc50b-edf6-46e0-b6b7-426c9381e6e6",
                            "firstName": "e2e",
                            "lastName": "automation",
                            "email": "e2e.automation@calibo.com",
                            "code": null,
                            "memberShipType": "MEMBER",
                            "phoneNumber": null,
                            "country": "",
                            "additionalAttributes": [
                                
                            ],
                            "roles": [
                                "5bc63efe-452d-4032-b425-71d9fadef853"
                            ],
                            "userTeamAllocation": 0,
                            "userAllocations": [
                                {
                                    "allocation": 1,
                                    "year": "2026",
                                    "month": "6"
                                },
                                {
                                    "allocation": 1,
                                    "year": "2026",
                                    "month": "5"
                                }
                            ],
                            "costArea": null,
                            "cost": null,
                            "skills": [
                                
                            ],
                            "organizationName": "",
                            "communicationEmail": null,
                            "resourceStartDate": null,
                            "resourceEndDate": null,
                            "allocationFrom": 1779408000000,
                            "allocationTo": 1782000000000,
                            "status": "ACTIVE",
                            "forecastStatus": null,
                            "manager": null,
                            "managerName": null,
                            "userConstantAllocation": null,
                            "deleted": false
                        }
                    ],
                    "description": "Do not Edit or Delete",
                    "additionalAttributes": [
                        
                    ],
                    "createdBy": "api.automation@calibo.com",
                    "createdOn": 1779427544192,
                    "updatedBy": "api.automation@calibo.com",
                    "updatedOn": 1779427544192,
                    "organisation": {
                        "id": "bb5435ee-57ed-4bbd-9154-48d4cd0b8d36",
                        "orgName": "Org_Automation",
                        "schemaId": "aeae9a58-b5c5-47b1-b536-91f04e6ad1fe",
                        "label": "Group",
                        "description": null,
                        "parentId": null,
                        "createdBy": null,
                        "createdOn": null,
                        "children": null
                    },
                    "status": "ACTIVE",
                    "deactivatedOn": null,
                    "adGroupLink": false,
                    "adGroups": null,
                    "existingAdGroup": false
                }
            ],
            "allocation": 0,
            "resourceAvailabilityStartDate": null,
            "resourceAvailabilityEndDate": null,
            "communicationEmail": null,
            "isAdministerProduct": null,
            "isWorkOnProduct": null,
            "additionalAttributes": [
                
            ],
            "status": "ACTIVE",
            "userRemovedFromAd": false,
            "manager": null,
            "managerName": null,
            "maximumAllocation": 100,
            "keycloakRole": null,
            "teamAllocation": null,
            "projectAllocation": null,
            "userType": null,
            "eulaAccepted": true
        },
        {
            "id": "9d407007-fb08-4b13-bb62-404678a23018",
            "firstName": "Dnyanesh",
            "lastName": "Sunil Deshpande",
            "fullName": null,
            "email": "ddeshpande@calibo.com",
            "country": "India",
            "roles": [
                "tenantAdmin",
                "Innovator"
            ],
            "teamRoles": [
                
            ],
            "usageFeaturesUnlimited": false,
            "usageLimits": {
                
            },
            "skills": [
                
            ],
            "costArea": null,
            "cost": null,
            "organizationName": null,
            "costAreaTitle": null,
            "teams": [
                
            ],
            "allocation": 0,
            "resourceAvailabilityStartDate": null,
            "resourceAvailabilityEndDate": null,
            "communicationEmail": null,
            "isAdministerProduct": null,
            "isWorkOnProduct": null,
            "additionalAttributes": [
                
            ],
            "status": "ACTIVE",
            "userRemovedFromAd": false,
            "manager": null,
            "managerName": null,
            "maximumAllocation": 100,
            "keycloakRole": null,
            "teamAllocation": null,
            "projectAllocation": null,
            "userType": null,
            "eulaAccepted": true
        },
        {
            "id": "a60028df-7214-4fbc-a56b-74a47d538760",
            "firstName": "API",
            "lastName": "Automation",
            "fullName": null,
            "email": "api.automation@calibo.com",
            "country": "",
            "roles": [
                "tenantAdmin",
                "Innovator"
            ],
            "teamRoles": [
                "Designer"
            ],
            "usageFeaturesUnlimited": false,
            "usageLimits": {
                
            },
            "skills": [
                
            ],
            "costArea": null,
            "cost": null,
            "organizationName": null,
            "costAreaTitle": null,
            "teams": [
                {
                    "id": "29546560-9b75-4c5d-8170-155ef8366538",
                    "name": "AutomationPermanantTeam",
                    "agileAssociation": true,
                    "userCount": 1,
                    "users": [
                        {
                            "id": "a60028df-7214-4fbc-a56b-74a47d538760",
                            "firstName": "API",
                            "lastName": "Automation",
                            "email": "api.automation@calibo.com",
                            "code": null,
                            "memberShipType": "MEMBER",
                            "phoneNumber": null,
                            "country": "",
                            "additionalAttributes": [
                                
                            ],
                            "roles": [
                                "f52a9f56-40d3-4682-8ee7-7ebda177ba09"
                            ],
                            "userTeamAllocation": 0,
                            "userAllocations": [
                                {
                                    "allocation": 0,
                                    "year": "2025",
                                    "month": "12"
                                },
                                {
                                    "allocation": 0,
                                    "year": "2027",
                                    "month": "10"
                                },
                                {
                                    "allocation": 0,
                                    "year": "2025",
                                    "month": "11"
                                },
                                {
                                    "allocation": 0,
                                    "year": "2026",
                                    "month": "3"
                                },
                                {
                                    "allocation": 0,
                                    "year": "2026",
                                    "month": "6"
                                },
                                {
                                    "allocation": 0,
                                    "year": "2027",
                                    "month": "5"
                                },
                                {
                                    "allocation": 0,
                                    "year": "2026",
                                    "month": "10"
                                },
                                {
                                    "allocation": 0,
                                    "year": "2025",
                                    "month": "7"
                                },
                                {
                                    "allocation": 0,
                                    "year": "2027",
                                    "month": "2"
                                },
                                {
                                    "allocation": 0,
                                    "year": "2026",
                                    "month": "12"
                                },
                                {
                                    "allocation": 0,
                                    "year": "2025",
                                    "month": "9"
                                },
                                {
                                    "allocation": 0,
                                    "year": "2025",
                                    "month": "6"
                                },
                                {
                                    "allocation": 0,
                                    "year": "2026",
                                    "month": "5"
                                },
                                {
                                    "allocation": 0,
                                    "year": "2026",
                                    "month": "2"
                                },
                                {
                                    "allocation": 0,
                                    "year": "2027",
                                    "month": "6"
                                },
                                {
                                    "allocation": 0,
                                    "year": "2025",
                                    "month": "5"
                                },
                                {
                                    "allocation": 0,
                                    "year": "2026",
                                    "month": "9"
                                },
                                {
                                    "allocation": 0,
                                    "year": "2027",
                                    "month": "8"
                                },
                                {
                                    "allocation": 0,
                                    "year": "2027",
                                    "month": "9"
                                },
                                {
                                    "allocation": 0,
                                    "year": "2026",
                                    "month": "7"
                                },
                                {
                                    "allocation": 0,
                                    "year": "2026",
                                    "month": "4"
                                },
                                {
                                    "allocation": 0,
                                    "year": "2027",
                                    "month": "7"
                                },
                                {
                                    "allocation": 0,
                                    "year": "2027",
                                    "month": "11"
                                },
                                {
                                    "allocation": 0,
                                    "year": "2028",
                                    "month": "1"
                                },
                                {
                                    "allocation": 0,
                                    "year": "2026",
                                    "month": "11"
                                },
                                {
                                    "allocation": 0,
                                    "year": "2027",
                                    "month": "3"
                                },
                                {
                                    "allocation": 0,
                                    "year": "2025",
                                    "month": "10"
                                },
                                {
                                    "allocation": 0,
                                    "year": "2026",
                                    "month": "1"
                                },
                                {
                                    "allocation": 0,
                                    "year": "2027",
                                    "month": "12"
                                },
                                {
                                    "allocation": 0,
                                    "year": "2025",
                                    "month": "2"
                                },
                                {
                                    "allocation": 0,
                                    "year": "2025",
                                    "month": "4"
                                },
                                {
                                    "allocation": 0,
                                    "year": "2027",
                                    "month": "1"
                                },
                                {
                                    "allocation": 0,
                                    "year": "2025",
                                    "month": "3"
                                },
                                {
                                    "allocation": 0,
                                    "year": "2027",
                                    "month": "4"
                                },
                                {
                                    "allocation": 0,
                                    "year": "2025",
                                    "month": "8"
                                },
                                {
                                    "allocation": 0,
                                    "year": "2028",
                                    "month": "2"
                                },
                                {
                                    "allocation": 0,
                                    "year": "2026",
                                    "month": "8"
                                }
                            ],
                            "costArea": null,
                            "cost": null,
                            "skills": [
                                
                            ],
                            "organizationName": "",
                            "communicationEmail": null,
                            "resourceStartDate": null,
                            "resourceEndDate": null,
                            "allocationFrom": 1740030370000,
                            "allocationTo": 1834638370000,
                            "status": "ACTIVE",
                            "forecastStatus": null,
                            "manager": null,
                            "managerName": null,
                            "userConstantAllocation": null,
                            "deleted": false
                        }
                    ],
                    "description": "Do not delete or edit as used for automation execution",
                    "additionalAttributes": [
                        
                    ],
                    "createdBy": "ddeshpande@calibo.com",
                    "createdOn": 1740058197723,
                    "updatedBy": "ddeshpande@calibo.com",
                    "updatedOn": 1740058197723,
                    "organisation": null,
                    "status": "ACTIVE",
                    "deactivatedOn": null,
                    "adGroupLink": false,
                    "adGroups": null,
                    "existingAdGroup": false
                }
            ],
            "allocation": 0,
            "resourceAvailabilityStartDate": null,
            "resourceAvailabilityEndDate": null,
            "communicationEmail": null,
            "isAdministerProduct": null,
            "isWorkOnProduct": null,
            "additionalAttributes": [
                
            ],
            "status": "ACTIVE",
            "userRemovedFromAd": false,
            "manager": null,
            "managerName": null,
            "maximumAllocation": 100,
            "keycloakRole": null,
            "teamAllocation": null,
            "projectAllocation": null,
            "userType": null,
            "eulaAccepted": true
        },
        {
            "id": "bbb382f7-df79-4a8e-a408-ef85cf846223",
            "firstName": "Khushboo",
            "lastName": "Motwani",
            "fullName": null,
            "email": "kmotwani.ext@calibo.com",
            "country": "",
            "roles": [
                "tenantAdmin",
                "Innovator"
            ],
            "teamRoles": [
                
            ],
            "usageFeaturesUnlimited": false,
            "usageLimits": {
                
            },
            "skills": [
                
            ],
            "costArea": null,
            "cost": null,
            "organizationName": null,
            "costAreaTitle": null,
            "teams": [
                
            ],
            "allocation": 0,
            "resourceAvailabilityStartDate": null,
            "resourceAvailabilityEndDate": null,
            "communicationEmail": null,
            "isAdministerProduct": null,
            "isWorkOnProduct": null,
            "additionalAttributes": [
                
            ],
            "status": "ACTIVE",
            "userRemovedFromAd": false,
            "manager": null,
            "managerName": null,
            "maximumAllocation": 100,
            "keycloakRole": null,
            "teamAllocation": null,
            "projectAllocation": null,
            "userType": null,
            "eulaAccepted": true
        },
        {
            "id": "cd89dfba-8064-41f6-a333-16a202272a40",
            "firstName": "Shilpa Mukund",
            "lastName": "Toke",
            "fullName": null,
            "email": "stoke@calibo.com",
            "country": "",
            "roles": [
                "tenantAdmin",
                "Innovator"
            ],
            "teamRoles": [
                
            ],
            "usageFeaturesUnlimited": false,
            "usageLimits": {
                
            },
            "skills": [
                
            ],
            "costArea": null,
            "cost": null,
            "organizationName": null,
            "costAreaTitle": null,
            "teams": [
                
            ],
            "allocation": 0,
            "resourceAvailabilityStartDate": null,
            "resourceAvailabilityEndDate": null,
            "communicationEmail": null,
            "isAdministerProduct": null,
            "isWorkOnProduct": null,
            "additionalAttributes": [
                
            ],
            "status": "ACTIVE",
            "userRemovedFromAd": false,
            "manager": null,
            "managerName": null,
            "maximumAllocation": 100,
            "keycloakRole": null,
            "teamAllocation": null,
            "projectAllocation": null,
            "userType": null,
            "eulaAccepted": true
        },
        {
            "id": "e352b4df-fc82-4713-afdf-15df71cf3aee",
            "firstName": "Maramreddy",
            "lastName": "Ranganatha Reddy",
            "fullName": null,
            "email": "mrreddy@calibo.com",
            "country": "India",
            "roles": [
                "tenantAdmin",
                "Innovator"
            ],
            "teamRoles": [
                
            ],
            "usageFeaturesUnlimited": false,
            "usageLimits": {
                
            },
            "skills": [
                
            ],
            "costArea": null,
            "cost": null,
            "organizationName": null,
            "costAreaTitle": null,
            "teams": [
                
            ],
            "allocation": 0,
            "resourceAvailabilityStartDate": null,
            "resourceAvailabilityEndDate": null,
            "communicationEmail": null,
            "isAdministerProduct": null,
            "isWorkOnProduct": null,
            "additionalAttributes": [
                
            ],
            "status": "ACTIVE",
            "userRemovedFromAd": false,
            "manager": null,
            "managerName": null,
            "maximumAllocation": 100,
            "keycloakRole": null,
            "teamAllocation": null,
            "projectAllocation": null,
            "userType": null,
            "eulaAccepted": true
        },
        {
            "id": "edc79f56-03a1-44a5-b89f-87104afa6a87",
            "firstName": "Lingeswar",
            "lastName": "Kondreddy",
            "fullName": null,
            "email": "lkondreddy@calibo.com",
            "country": "India",
            "roles": [
                "tenantAdmin",
                "Innovator"
            ],
            "teamRoles": [
                
            ],
            "usageFeaturesUnlimited": false,
            "usageLimits": {
                
            },
            "skills": [
                
            ],
            "costArea": null,
            "cost": null,
            "organizationName": null,
            "costAreaTitle": null,
            "teams": [
                
            ],
            "allocation": 0,
            "resourceAvailabilityStartDate": null,
            "resourceAvailabilityEndDate": null,
            "communicationEmail": null,
            "isAdministerProduct": null,
            "isWorkOnProduct": null,
            "additionalAttributes": [
                
            ],
            "status": "ACTIVE",
            "userRemovedFromAd": false,
            "manager": null,
            "managerName": null,
            "maximumAllocation": 100,
            "keycloakRole": null,
            "teamAllocation": null,
            "projectAllocation": null,
            "userType": null,
            "eulaAccepted": true
        },
        {
            "id": "f9c13af4-a58f-48f2-86ad-c64af399607b",
            "firstName": "Ritesh",
            "lastName": "Das",
            "fullName": null,
            "email": "rdas@calibo.com",
            "country": "India",
            "roles": [
                "tenantAdmin",
                "Innovator"
            ],
            "teamRoles": [
                
            ],
            "usageFeaturesUnlimited": false,
            "usageLimits": {
                
            },
            "skills": [
                
            ],
            "costArea": null,
            "cost": null,
            "organizationName": null,
            "costAreaTitle": null,
            "teams": [
                
            ],
            "allocation": 0,
            "resourceAvailabilityStartDate": null,
            "resourceAvailabilityEndDate": null,
            "communicationEmail": null,
            "isAdministerProduct": null,
            "isWorkOnProduct": null,
            "additionalAttributes": [
                
            ],
            "status": "ACTIVE",
            "userRemovedFromAd": false,
            "manager": null,
            "managerName": null,
            "maximumAllocation": 100,
            "keycloakRole": null,
            "teamAllocation": null,
            "projectAllocation": null,
            "userType": null,
            "eulaAccepted": true
        }
    ],
    "totalElements": 15,
    "totalPages": 1
}
03 Aug 2026 21:01:51,239 TestListener: 
--------------------------------------------------------------------------------
************************** Running Now **************************************
--------------------------------------------------------------------------------
Test Case Number in Current Execution: 1 / 41
Test Case Name: suites.productLine.ProductLineTests.add_productLine
Test Case Groups: [regression, PRO_REGRESSION, PRO_PRODUCT_PORTFOLIO]
--------------------------------------------------------------------------------

03 Aug 2026 21:01:52,852 MainUtils: Request Method => POST
 Request URI => https://accelerate-qa.calibo.com/elab/portfolios
03 Aug 2026 21:01:52,853 MainUtils: Request Body => {
    "description": "Automation Testing Product line Description",
    "currency": "USD",
    "stakeholders": [
        {
            "name": "API Automation",
            "roleName": "OWNER",
            "email": "api.automation@calibo.com",
            "username": "api.automation@calibo.com"
        }
    ],
    "priority": "LOW",
    "strategy": "Automation Testing Strategy",
    "title": "PL_Auto_0khyXm",
    "value": 100
}
03 Aug 2026 21:01:52,854 MainUtils: Response Status => HTTP/1.1 201 
03 Aug 2026 21:01:52,854 MainUtils: Response Header: X-Traceid => 6a70b4682cf33bbe684b9a1dbf8417c6
03 Aug 2026 21:01:52,856 MainUtils: 
 Response Body => {
    "id": "30f7227f-c202-4896-be51-21ad25f2f7df",
    "code": "b8a486dc-a80a-4aab-8bdc-ca80677d9a53",
    "title": "PL_Auto_0khyXm",
    "description": "Automation Testing Product line Description",
    "strategy": "Automation Testing Strategy",
    "visibility": true,
    "priority": "LOW",
    "value": 100,
    "currency": "USD",
    "stakeholders": [
        {
            
        }
    ],
    "projects": [
        
    ],
    "createdBy": "api.automation@calibo.com",
    "name": "API Automation",
    "createdOn": "2026-08-03T15:31:52.707599",
    "updatedOn": "2026-08-03T15:31:52.7076",
    "workflowEnabled": false,
    "workflowStatus": "NONE",
    "productWorkflowEnabled": false,
    "reworkLimitEnabled": false,
    "additionalAttributes": [
        
    ]
}
03 Aug 2026 21:01:52,900 TestListener: 
Suite Execution Summary: 
Passed / Failed / Skipped / Total Tests: 1 / 0 / 0 / 41

Test Case: suites.productLine.ProductLineTests.add_productLine — PASSED
Execution Time: 1.66 seconds

03 Aug 2026 21:01:52,903 TestListener: 
--------------------------------------------------------------------------------
************************** Running Now **************************************
--------------------------------------------------------------------------------
Test Case Number in Current Execution: 2 / 41
Test Case Name: suites.productLine.ProductLineTests.add_productLine_with_blank_description
Test Case Groups: [regression, PRO_REGRESSION, PRO_PRODUCT_PORTFOLIO]
--------------------------------------------------------------------------------

03 Aug 2026 21:01:54,340 MainUtils: Request Method => POST
 Request URI => https://accelerate-qa.calibo.com/elab/portfolios
03 Aug 2026 21:01:54,342 MainUtils: Request Body => {
    "description": "",
    "currency": "USD",
    "stakeholders": [
        {
            "name": "API Automation",
            "roleName": "OWNER",
            "email": "api.automation@calibo.com",
            "username": "api.automation@calibo.com"
        }
    ],
    "priority": "LOW",
    "strategy": "Automation Testing Strategy",
    "title": "PL_Auto_Validation_0khyXm",
    "value": 100
}
03 Aug 2026 21:01:54,343 MainUtils: Response Status => HTTP/1.1 400 
03 Aug 2026 21:01:54,343 MainUtils: Response Header: X-Traceid => 6a70b46a0768269f14e56c854acaf573
03 Aug 2026 21:01:54,345 MainUtils: 
 Response Body => {
    "code": "LL001",
    "message": "Validation failed: One or more fields contain invalid or unsafe input.",
    "subMessages": [
        "description: must not be blank"
    ]
}
03 Aug 2026 21:01:54,377 TestListener: 
Suite Execution Summary: 
Passed / Failed / Skipped / Total Tests: 2 / 0 / 0 / 41

Test Case: suites.productLine.ProductLineTests.add_productLine_with_blank_description — PASSED
Execution Time: 1.47 seconds

03 Aug 2026 21:01:54,380 TestListener: 
--------------------------------------------------------------------------------
************************** Running Now **************************************
--------------------------------------------------------------------------------
Test Case Number in Current Execution: 3 / 41
Test Case Name: suites.productLine.ProductLineTests.add_productLine_with_blank_title
Test Case Groups: [regression, PRO_REGRESSION, PRO_PRODUCT_PORTFOLIO]
--------------------------------------------------------------------------------

03 Aug 2026 21:01:55,773 MainUtils: Request Method => POST
 Request URI => https://accelerate-qa.calibo.com/elab/portfolios
03 Aug 2026 21:01:55,774 MainUtils: Request Body => {
    "description": "Automation Testing Product line Description",
    "currency": "USD",
    "stakeholders": [
        {
            "name": "API Automation",
            "roleName": "OWNER",
            "email": "api.automation@calibo.com",
            "username": "api.automation@calibo.com"
        }
    ],
    "priority": "LOW",
    "strategy": "Automation Testing Strategy",
    "title": "",
    "value": 100
}
03 Aug 2026 21:01:55,774 MainUtils: Response Status => HTTP/1.1 400 
03 Aug 2026 21:01:55,775 MainUtils: Response Header: X-Traceid => 6a70b46bc8d17fa3a7a825e549c52dda
03 Aug 2026 21:01:55,776 MainUtils: 
 Response Body => {
    "code": "LL001",
    "message": "Validation failed: One or more fields contain invalid or unsafe input.",
    "subMessages": [
        "title: portfolio title cannot contain special characters except _ and -",
        "title: must not be blank"
    ]
}
03 Aug 2026 21:01:55,790 TestListener: 
Suite Execution Summary: 
Passed / Failed / Skipped / Total Tests: 3 / 0 / 0 / 41

Test Case: suites.productLine.ProductLineTests.add_productLine_with_blank_title — PASSED
Execution Time: 1.41 seconds

03 Aug 2026 21:01:55,792 TestListener: 
--------------------------------------------------------------------------------
************************** Running Now **************************************
--------------------------------------------------------------------------------
Test Case Number in Current Execution: 4 / 41
Test Case Name: suites.productLine.ProductLineTests.add_productLine_with_only_stakeholder_member
Test Case Groups: [regression, PRO_REGRESSION, PRO_PRODUCT_PORTFOLIO]
--------------------------------------------------------------------------------

03 Aug 2026 21:01:57,168 MainUtils: Request Method => POST
 Request URI => https://accelerate-qa.calibo.com/elab/portfolios
03 Aug 2026 21:01:57,169 MainUtils: Request Body => {
    "description": "Automation Testing Product line Description",
    "currency": "USD",
    "stakeholders": [
        {
            "name": "e2e automation",
            "roleName": "MEMBER",
            "email": "e2e.automation@calibo.com",
            "username": "e2e.automation@calibo.com"
        }
    ],
    "priority": "LOW",
    "strategy": "Automation Testing Strategy",
    "title": "PL_Auto_Validation_0khyXm",
    "value": 100
}
03 Aug 2026 21:01:57,170 MainUtils: Response Status => HTTP/1.1 400 
03 Aug 2026 21:01:57,170 MainUtils: Response Header: X-Traceid => 6a70b46d7b52610b9c54406c98932081
03 Aug 2026 21:01:57,172 MainUtils: 
 Response Body => {
    "code": "elab0072",
    "message": "Owner stakeholder required."
}
03 Aug 2026 21:01:57,190 TestListener: 
Suite Execution Summary: 
Passed / Failed / Skipped / Total Tests: 4 / 0 / 0 / 41

Test Case: suites.productLine.ProductLineTests.add_productLine_with_only_stakeholder_member — PASSED
Execution Time: 1.40 seconds

03 Aug 2026 21:01:57,194 TestListener: 
--------------------------------------------------------------------------------
************************** Running Now **************************************
--------------------------------------------------------------------------------
Test Case Number in Current Execution: 5 / 41
Test Case Name: suites.productLine.ProductLineTests.add_productLine_without_priority
Test Case Groups: [regression, PRO_REGRESSION, PRO_PRODUCT_PORTFOLIO]
--------------------------------------------------------------------------------

03 Aug 2026 21:01:58,490 MainUtils: Request Method => POST
 Request URI => https://accelerate-qa.calibo.com/elab/portfolios
03 Aug 2026 21:01:58,492 MainUtils: Request Body => {
    "description": "Automation Testing Product line Description",
    "currency": "USD",
    "stakeholders": [
        {
            "name": "API Automation",
            "roleName": "OWNER",
            "email": "api.automation@calibo.com",
            "username": "api.automation@calibo.com"
        }
    ],
    "strategy": "Automation Testing Strategy",
    "title": "PL_Auto_Validation_0khyXm",
    "value": 100
}
03 Aug 2026 21:01:58,492 MainUtils: Response Status => HTTP/1.1 400 
03 Aug 2026 21:01:58,493 MainUtils: Response Header: X-Traceid => 6a70b46e3625bf07fc8cede206f688b3
03 Aug 2026 21:01:58,494 MainUtils: 
 Response Body => {
    "code": "LL001",
    "message": "Validation failed: One or more fields contain invalid or unsafe input.",
    "subMessages": [
        "priority: must not be null"
    ]
}
03 Aug 2026 21:01:58,512 TestListener: 
Suite Execution Summary: 
Passed / Failed / Skipped / Total Tests: 5 / 0 / 0 / 41

Test Case: suites.productLine.ProductLineTests.add_productLine_without_priority — PASSED
Execution Time: 1.32 seconds

03 Aug 2026 21:01:58,516 TestListener: 
--------------------------------------------------------------------------------
************************** Running Now **************************************
--------------------------------------------------------------------------------
Test Case Number in Current Execution: 6 / 41
Test Case Name: suites.productLine.ProductLineTests.add_productLine_without_stakeholder_owner
Test Case Groups: [regression, PRO_REGRESSION, PRO_PRODUCT_PORTFOLIO]
--------------------------------------------------------------------------------

03 Aug 2026 21:01:59,901 MainUtils: Request Method => POST
 Request URI => https://accelerate-qa.calibo.com/elab/portfolios
03 Aug 2026 21:01:59,902 MainUtils: Request Body => {
    "description": "Automation Testing Product line Description",
    "currency": "USD",
    "stakeholders": [
        
    ],
    "strategy": "Automation Testing Strategy",
    "title": "PL_Auto_Validation_0khyXm",
    "priority": "LOW",
    "value": 100
}
03 Aug 2026 21:01:59,902 MainUtils: Response Status => HTTP/1.1 400 
03 Aug 2026 21:01:59,903 MainUtils: Response Header: X-Traceid => 6a70b46fd969bd10eda7ea5481fd697a
03 Aug 2026 21:01:59,904 MainUtils: 
 Response Body => {
    "code": "LL001",
    "message": "Validation failed: One or more fields contain invalid or unsafe input.",
    "subMessages": [
        "stakeholders: Stakeholder details should not be empty"
    ]
}
03 Aug 2026 21:01:59,920 TestListener: 
Suite Execution Summary: 
Passed / Failed / Skipped / Total Tests: 6 / 0 / 0 / 41

Test Case: suites.productLine.ProductLineTests.add_productLine_without_stakeholder_owner — PASSED
Execution Time: 1.40 seconds

03 Aug 2026 21:01:59,923 TestListener: 
--------------------------------------------------------------------------------
************************** Running Now **************************************
--------------------------------------------------------------------------------
Test Case Number in Current Execution: 7 / 41
Test Case Name: suites.productLine.ProductLineTests.create_optional_fields_productLine
Test Case Groups: [regression, PRO_REGRESSION, PRO_PRODUCT_PORTFOLIO]
--------------------------------------------------------------------------------

03 Aug 2026 21:02:01,457 MainUtils: Request Method => POST
 Request URI => https://accelerate-qa.calibo.com/elab/portfolios
03 Aug 2026 21:02:01,459 MainUtils: Request Body => {
    "description": "Automation Testing Product line Description Optional",
    "currency": "USD",
    "stakeholders": [
        {
            "name": "API Automation",
            "roleName": "OWNER",
            "email": "api.automation@calibo.com",
            "username": "api.automation@calibo.com"
        }
    ],
    "priority": "HIGH",
    "strategy": "Automation Testing Strategy Optional",
    "title": "PL_Optional_Auto_0khyXm",
    "value": 200,
    "businessOutcome": "Automation Testing Business Outcome Optional",
    "additionalAttributes": [
        {
            "attributeValue": "Value",
            "attributeName": "CustomeKey",
            "type": "singleLine",
            "order": 0
        }
    ]
}
03 Aug 2026 21:02:01,460 MainUtils: Response Status => HTTP/1.1 201 
03 Aug 2026 21:02:01,460 MainUtils: Response Header: X-Traceid => 6a70b47102efa8c0f575fd9d4df112cf
03 Aug 2026 21:02:01,462 MainUtils: 
 Response Body => {
    "id": "a3a4fbcc-e93b-45e1-a379-9e41a5b39c58",
    "code": "1ba9b44d-896e-4e26-b575-4735e991a999",
    "title": "PL_Optional_Auto_0khyXm",
    "description": "Automation Testing Product line Description Optional",
    "businessOutcome": "Automation Testing Business Outcome Optional",
    "strategy": "Automation Testing Strategy Optional",
    "visibility": true,
    "priority": "HIGH",
    "value": 200,
    "currency": "USD",
    "stakeholders": [
        {
            
        }
    ],
    "projects": [
        
    ],
    "createdBy": "api.automation@calibo.com",
    "name": "API Automation",
    "createdOn": "2026-08-03T15:32:01.351987",
    "updatedOn": "2026-08-03T15:32:01.351989",
    "workflowEnabled": false,
    "workflowStatus": "NONE",
    "productWorkflowEnabled": false,
    "reworkLimitEnabled": false,
    "additionalAttributes": [
        {
            "attributeName": "CustomeKey",
            "attributeValue": "Value",
            "order": 0,
            "type": "singleLine"
        }
    ]
}
03 Aug 2026 21:02:01,477 TestListener: 
Suite Execution Summary: 
Passed / Failed / Skipped / Total Tests: 7 / 0 / 0 / 41

Test Case: suites.productLine.ProductLineTests.create_optional_fields_productLine — PASSED
Execution Time: 1.55 seconds

03 Aug 2026 21:02:01,480 TestListener: 
--------------------------------------------------------------------------------
************************** Running Now **************************************
--------------------------------------------------------------------------------
Test Case Number in Current Execution: 8 / 41
Test Case Name: suites.productLine.ProductLineTests.delete_productLine_with_invalid_productLineID
Test Case Groups: [regression, PRO_REGRESSION, PRO_PRODUCT_PORTFOLIO]
--------------------------------------------------------------------------------

03 Aug 2026 21:02:02,865 MainUtils: Request Method => DELETE
 Request URI => https://accelerate-qa.calibo.com/elab/portfolios/12345678
03 Aug 2026 21:02:02,866 MainUtils: Request Body => {
    "comment": "Automation Cleanup"
}
03 Aug 2026 21:02:02,866 MainUtils: Response Status => HTTP/1.1 404 
03 Aug 2026 21:02:02,867 MainUtils: Response Header: X-Traceid => 6a70b472eb05d9ccc7178bb88c3b2e60
03 Aug 2026 21:02:02,868 MainUtils: 
 Response Body => {
    "code": "AD404",
    "message": "Product Portfolio not found. Please contact admin."
}
03 Aug 2026 21:02:02,884 TestListener: 
Suite Execution Summary: 
Passed / Failed / Skipped / Total Tests: 8 / 0 / 0 / 41

Test Case: suites.productLine.ProductLineTests.delete_productLine_with_invalid_productLineID — PASSED
Execution Time: 1.40 seconds

03 Aug 2026 21:02:02,888 TestListener: 
--------------------------------------------------------------------------------
************************** Running Now **************************************
--------------------------------------------------------------------------------
Test Case Number in Current Execution: 9 / 41
Test Case Name: suites.productLine.ProductLineTests.edit_productLine_with_invalid_productLineID
Test Case Groups: [regression, PRO_REGRESSION, PRO_PRODUCT_PORTFOLIO]
--------------------------------------------------------------------------------

03 Aug 2026 21:02:04,314 MainUtils: Request Method => PATCH
 Request URI => https://accelerate-qa.calibo.com/elab/portfolios/12345678
03 Aug 2026 21:02:04,315 MainUtils: Request Body => {
    "description": "Automation Testing Product line Description",
    "currency": "USD",
    "stakeholders": [
        {
            "name": "API Automation",
            "roleName": "OWNER",
            "email": "api.automation@calibo.com",
            "username": "api.automation@calibo.com"
        }
    ],
    "priority": "LOW",
    "strategy": "Automation Testing Strategy",
    "title": "PL_Auto_0khyXm",
    "value": 100
}
03 Aug 2026 21:02:04,316 MainUtils: Response Status => HTTP/1.1 404 
03 Aug 2026 21:02:04,316 MainUtils: Response Header: X-Traceid => 6a70b474262600d0ca24bec3b7768d9a
03 Aug 2026 21:02:04,317 MainUtils: 
 Response Body => {
    "code": "AD404",
    "message": "Product Portfolio not found. Please contact admin."
}
03 Aug 2026 21:02:04,331 TestListener: 
Suite Execution Summary: 
Passed / Failed / Skipped / Total Tests: 9 / 0 / 0 / 41

Test Case: suites.productLine.ProductLineTests.edit_productLine_with_invalid_productLineID — PASSED
Execution Time: 1.44 seconds

03 Aug 2026 21:02:04,334 TestListener: 
--------------------------------------------------------------------------------
************************** Running Now **************************************
--------------------------------------------------------------------------------
Test Case Number in Current Execution: 10 / 41
Test Case Name: suites.productLine.ProductLineTests.edit_productLine_with_used_title
Test Case Groups: [regression, PRO_REGRESSION, PRO_PRODUCT_PORTFOLIO]
--------------------------------------------------------------------------------

03 Aug 2026 21:02:05,846 MainUtils: Request Method => POST
 Request URI => https://accelerate-qa.calibo.com/elab/portfolios
03 Aug 2026 21:02:05,848 MainUtils: Request Body => {
    "description": "Automation Testing Product line Description",
    "currency": "USD",
    "stakeholders": [
        {
            "name": "API Automation",
            "roleName": "OWNER",
            "email": "api.automation@calibo.com",
            "username": "api.automation@calibo.com"
        }
    ],
    "projectIds": [
        
    ],
    "priority": "LOW",
    "strategy": "Automation Testing Strategy",
    "title": "PL_Auto_Validation_0khyXmEdit",
    "value": 100
}
03 Aug 2026 21:02:05,848 MainUtils: Response Status => HTTP/1.1 201 
03 Aug 2026 21:02:05,849 MainUtils: Response Header: X-Traceid => 6a70b4755c122bb3f5ed84ce8830b582
03 Aug 2026 21:02:05,850 MainUtils: 
 Response Body => {
    "id": "babb9459-7377-48b0-bf2e-0e85082544e8",
    "code": "c5f68417-51c2-486f-b8ed-ff7af605f933",
    "title": "PL_Auto_Validation_0khyXmEdit",
    "description": "Automation Testing Product line Description",
    "strategy": "Automation Testing Strategy",
    "visibility": true,
    "priority": "LOW",
    "value": 100,
    "currency": "USD",
    "stakeholders": [
        {
            
        }
    ],
    "projects": [
        
    ],
    "createdBy": "api.automation@calibo.com",
    "name": "API Automation",
    "createdOn": "2026-08-03T15:32:05.71382",
    "updatedOn": "2026-08-03T15:32:05.713822",
    "workflowEnabled": false,
    "workflowStatus": "NONE",
    "productWorkflowEnabled": false,
    "reworkLimitEnabled": false,
    "additionalAttributes": [
        
    ]
}
03 Aug 2026 21:02:07,314 MainUtils: Request Method => PATCH
 Request URI => https://accelerate-qa.calibo.com/elab/portfolios/babb9459-7377-48b0-bf2e-0e85082544e8
03 Aug 2026 21:02:07,315 MainUtils: Request Body => {
    "description": "Automation Testing Product line Description",
    "currency": "USD",
    "stakeholders": [
        {
            "name": "API Automation",
            "roleName": "OWNER",
            "email": "api.automation@calibo.com",
            "username": "api.automation@calibo.com"
        }
    ],
    "projectIds": [
        
    ],
    "priority": "LOW",
    "strategy": "Automation Testing Strategy",
    "title": "DefaultAutomationPL",
    "value": 100
}
03 Aug 2026 21:02:07,315 MainUtils: Response Status => HTTP/1.1 409 
03 Aug 2026 21:02:07,316 MainUtils: Response Header: X-Traceid => 6a70b477c437393dacbeb03db2e5435c
03 Aug 2026 21:02:07,317 MainUtils: 
 Response Body => {
    "code": "elab0018",
    "message": "A portfolio with this name already exists. Please provide a unique name."
}
03 Aug 2026 21:02:07,331 TestListener: 
Suite Execution Summary: 
Passed / Failed / Skipped / Total Tests: 10 / 0 / 0 / 41

Test Case: suites.productLine.ProductLineTests.edit_productLine_with_used_title — PASSED
Execution Time: 3.00 seconds

03 Aug 2026 21:02:07,335 TestListener: 
--------------------------------------------------------------------------------
************************** Running Now **************************************
--------------------------------------------------------------------------------
Test Case Number in Current Execution: 11 / 41
Test Case Name: suites.productLine.ProductLineTests.get_productLine_invalid_productLine
Test Case Groups: [regression, PRO_REGRESSION, PRO_PRODUCT_PORTFOLIO]
--------------------------------------------------------------------------------

03 Aug 2026 21:02:08,946 MainUtils: GET https://accelerate-qa.calibo.com/elab/portfolios/12345678
03 Aug 2026 21:02:08,947 MainUtils: Response Status => HTTP/1.1 404 
03 Aug 2026 21:02:08,948 MainUtils: Response Header: X-Traceid => 6a70b478ded92e7f7d2be6a173dc4e1c
03 Aug 2026 21:02:08,949 MainUtils: 
 Response Body => {
    "code": "AD404",
    "message": "Product Portfolio not found. Please contact admin."
}
03 Aug 2026 21:02:08,962 TestListener: 
Suite Execution Summary: 
Passed / Failed / Skipped / Total Tests: 11 / 0 / 0 / 41

Test Case: suites.productLine.ProductLineTests.get_productLine_invalid_productLine — PASSED
Execution Time: 1.63 seconds

03 Aug 2026 21:02:08,965 TestListener: 
--------------------------------------------------------------------------------
************************** Running Now **************************************
--------------------------------------------------------------------------------
Test Case Number in Current Execution: 12 / 41
Test Case Name: suites.productLine.ProductLineTests.upload_unsupported_rtf_logo_to_productLine
Test Case Groups: [regression, PRO_REGRESSION, PRO_PRODUCT_PORTFOLIO]
--------------------------------------------------------------------------------

03 Aug 2026 21:02:10,401 MainUtils: POST https://accelerate-qa.calibo.com/utility/file/upload
03 Aug 2026 21:02:10,409 MainUtils:  
 MultipartDetails for: file
  File Name: rtfFileToUpload.rtf 
  Content: /Users/sibelura/Documents/lazsa-e2e-api-tests/src/test/resources/testdata/productLine/rtfFileToUpload.rtf
03 Aug 2026 21:02:10,409 MainUtils:  
 MultipartDetails for: folderName
  File Name: file 
  Content: portfolio_images
03 Aug 2026 21:02:10,409 MainUtils: Response Status => HTTP/1.1 500 
03 Aug 2026 21:02:10,410 MainUtils: Response Header: X-Traceid => 6a70b47a69d8f0d393df74bb021ab1d7
03 Aug 2026 21:02:10,411 MainUtils: 
 Response Body => {
    "code": "SCAN001",
    "message": "File was not uploaded as the file type is not supported. Supported file types are -pdf, jpeg, jpg, png, doc, docx, xls, p12, csv, xlsx, svg, webp",
    "subMessages": null
}
03 Aug 2026 21:02:10,422 TestListener: 
Suite Execution Summary: 
Passed / Failed / Skipped / Total Tests: 12 / 0 / 0 / 41

Test Case: suites.productLine.ProductLineTests.upload_unsupported_rtf_logo_to_productLine — PASSED
Execution Time: 1.46 seconds

03 Aug 2026 21:02:10,427 TestListener: 
--------------------------------------------------------------------------------
************************** Running Now **************************************
--------------------------------------------------------------------------------
Test Case Number in Current Execution: 13 / 41
Test Case Name: suites.productLine.ProductLineTests.add_productLine_with_used_title
Test Case Groups: [regression, PRO_REGRESSION, PRO_PRODUCT_PORTFOLIO]
--------------------------------------------------------------------------------

03 Aug 2026 21:02:11,679 MainUtils: Request Method => POST
 Request URI => https://accelerate-qa.calibo.com/elab/portfolios
03 Aug 2026 21:02:11,681 MainUtils: Request Body => {
    "description": "Automation Testing Product line Description",
    "currency": "USD",
    "stakeholders": [
        {
            "name": "API Automation",
            "roleName": "OWNER",
            "email": "api.automation@calibo.com",
            "username": "api.automation@calibo.com"
        }
    ],
    "priority": "LOW",
    "strategy": "Automation Testing Strategy",
    "title": "PL_Auto_0khyXm",
    "value": 100
}
03 Aug 2026 21:02:11,681 MainUtils: Response Status => HTTP/1.1 409 
03 Aug 2026 21:02:11,681 MainUtils: Response Header: X-Traceid => 6a70b47be7c50cff1bee7466ffa3d34b
03 Aug 2026 21:02:11,683 MainUtils: 
 Response Body => {
    "code": "elab0018",
    "message": "A portfolio with this name already exists. Please provide a unique name."
}
03 Aug 2026 21:02:11,697 TestListener: 
Suite Execution Summary: 
Passed / Failed / Skipped / Total Tests: 13 / 0 / 0 / 41

Test Case: suites.productLine.ProductLineTests.add_productLine_with_used_title — PASSED
Execution Time: 1.27 seconds

03 Aug 2026 21:02:11,700 TestListener: 
--------------------------------------------------------------------------------
************************** Running Now **************************************
--------------------------------------------------------------------------------
Test Case Number in Current Execution: 14 / 41
Test Case Name: suites.productLine.ProductLineTests.create_Product_with_newly_created_productLine
Test Case Groups: [regression, PRO_REGRESSION, PRO_PRODUCT_PORTFOLIO]
--------------------------------------------------------------------------------

03 Aug 2026 21:02:14,130 MainUtils: Request Method => POST
 Request URI => https://accelerate-qa.calibo.com/elab/v2/projects
03 Aug 2026 21:02:14,132 MainUtils: Request Body => {
    "teamName": "Auto_CreateProjectV2",
    "creatorRoleId": "4515cc50-1938-406c-9b9a-1615249c7b3d",
    "creatorId": "a60028df-7214-4fbc-a56b-74a47d538760",
    "description": "Automation Project",
    "customerSegments": [
        "59119a4b-b87f-4312-9be9-0f76d0ade144"
    ],
    "createConfluenceSpace": true,
    "title": "ProductForPLTest0khyXm",
    "workstreamEnabled": true,
    "moveExistingPages": false,
    "memberList": [
        {
            "rolesAllocation": [
                {
                    "allocation": 0,
                    "roleId": "4515cc50-1938-406c-9b9a-1615249c7b3d",
                    "allocationFrom": 1785695400000,
                    "allocationTo": 1788287400000
                }
            ],
            "totalAllocation": 0,
            "firstName": "API",
            "lastName": "Automation",
            "roles": [
                "4515cc50-1938-406c-9b9a-1615249c7b3d"
            ],
            "fullName": "API Automation",
            "allocationFrom": 1785695400000,
            "allocationTo": 1788287400000,
            "id": "154ac92e-c641-44f0-ad96-0d7c7c6be7e2",
            "userId": "a60028df-7214-4fbc-a56b-74a47d538760",
            "email": "api.automation@calibo.com"
        }
    ],
    "ahaWorkspaceUpdateRequested": true,
    "projectOwnerRoleId": "4515cc50-1938-406c-9b9a-1615249c7b3d",
    "portfolioTitle": "PL_Optional_Auto_0khyXm",
    "endsOn": 1788287400000,
    "visibility": true,
    "stageType": "PRODUCT",
    "releaseEnabled": false,
    "startsOn": 1785695400000,
    "tags": [
        
    ],
    "ahaFeatureImport": false,
    "portfolioId": "a3a4fbcc-e93b-45e1-a379-9e41a5b39c58",
    "sectionIds": [
        1,
        3,
        4,
        5
    ],
    "createAgileProject": false,
    "newSpaceName": null,
    "businessGroupId": "a4472f5a-67ef-4da0-ab2c-5d399733e831",
    "milestones": [
        {
            "endsOn": 1786213800000,
            "milestoneTitle": "1st",
            "startsOn": 1785695400000
        }
    ]
}
03 Aug 2026 21:02:14,132 MainUtils: Response Status => HTTP/1.1 201 
03 Aug 2026 21:02:14,133 MainUtils: Response Header: X-Traceid => 6a70b47cb456bbee511ac190a59828a5
03 Aug 2026 21:02:14,135 MainUtils: 
 Response Body => {
    "id": "6cb689f8-ee62-4b9b-a5e2-b34465b6b9cf",
    "code": "2c0be49f-99d2-4e3b-b554-9452807212fe",
    "title": "ProductForPLTest0khyXm",
    "description": "Automation Project",
    "visibility": true,
    "startsOn": 1785695400000,
    "endsOn": 1788287400000,
    "classifierType": "ELAB",
    "sections": [
        {
            "id": 1,
            "code": "2140955f-3aeb-4408-89a3-4294c1701e45",
            "title": "Banias",
            "description": "Banias",
            "type": "SECTION",
            "logo": "Banias.jpg"
        },
        {
            "id": 3,
            "code": "6d87584d-f7f0-45c1-8d59-5882d3f15cd3",
            "title": "Banister",
            "description": "Banister",
            "type": "SECTION",
            "logo": "Banister.jpg"
        },
        {
            "id": 4,
            "code": "ff9727cc-7e68-4c92-b79e-f5a6abb8be94",
            "title": "Barney",
            "description": "Barney",
            "type": "SECTION",
            "logo": "Barney.jpg"
        },
        {
            "id": 5,
            "code": "ed6dfcb3-c59a-4cd2-a6b6-c206d443a7db",
            "title": "Barton",
            "description": "Barton",
            "type": "SECTION",
            "logo": "Barton.jpg"
        }
    ],
    "subSections": [
        
    ],
    "dependentProjects": [
        
    ],
    "tags": [
        
    ],
    "customerSegments": [
        {
            "id": "59119a4b-b87f-4312-9be9-0f76d0ade144",
            "objectValue": "Cust_Automation"
        }
    ],
    "deploymentLifespan": 1785781932926,
    "createdBy": "api.automation@calibo.com",
    "name": "API Automation",
    "portfolioTitle": "PL_Optional_Auto_0khyXm",
    "portfolioVisibility": true,
    "projectStatus": "NOT_STARTED",
    "businessGroupId": "a4472f5a-67ef-4da0-ab2c-5d399733e831",
    "additionalAttributes": [
        
    ],
    "workstreamEnabled": true,
    "releaseEnabled": false,
    "migrationEnabled": false,
    "userProjectRoles": [
        
    ],
    "teamName": "Auto_CreateProjectV2",
    "portfolioId": "a3a4fbcc-e93b-45e1-a379-9e41a5b39c58",
    "priority": "HIGH",
    "workspaces": {
        
    },
    "milestones": [
        {
            "id": "804f42cc-1ad4-47df-8e4c-5a94b2de0e29",
            "projectId": "6cb689f8-ee62-4b9b-a5e2-b34465b6b9cf",
            "milestoneTitle": "1st",
            "startsOn": 1785695400000,
            "endsOn": 1786213800000,
            "orderIndex": 0
        }
    ],
    "ahaFeatureImport": false,
    "creatorName": "API Automation",
    "creatorId": "a60028df-7214-4fbc-a56b-74a47d538760",
    "creatorRoleId": "4515cc50-1938-406c-9b9a-1615249c7b3d",
    "memberList": [
        {
            "userId": "a60028df-7214-4fbc-a56b-74a47d538760",
            "firstName": "API",
            "lastName": "Automation",
            "fullName": "API Automation",
            "email": "api.automation@calibo.com",
            "roles": [
                "4515cc50-1938-406c-9b9a-1615249c7b3d"
            ],
            "updatedOn": "2026-08-03T15:32:13.93512",
            "updatedBy": "api.automation@calibo.com",
            "isOwner": true,
            "rolesAllocation": [
                {
                    "roleId": "4515cc50-1938-406c-9b9a-1615249c7b3d",
                    "allocation": 0,
                    "allocationFrom": 1785695400000,
                    "allocationTo": 1788287400000
                }
            ],
            "totalAllocation": 0,
            "allocationFrom": 1785695400000,
            "allocationTo": 1788287400000,
            "status": "ACTIVE"
        }
    ],
    "stageType": "PRODUCT",
    "businessGroupName": "BG_Automation",
    "likesSummary": {
        "likes": 0,
        "likedBy": [
            
        ]
    },
    "workflowStatus": "NONE",
    "workflowEnabled": false,
    "featureWorkflowEnabled": false,
    "reworkLimitEnabled": false,
    "liked": false
}
03 Aug 2026 21:02:14,148 TestListener: 
Suite Execution Summary: 
Passed / Failed / Skipped / Total Tests: 14 / 0 / 0 / 41

Test Case: suites.productLine.ProductLineTests.create_Product_with_newly_created_productLine — PASSED
Execution Time: 2.45 seconds

03 Aug 2026 21:02:14,151 TestListener: 
--------------------------------------------------------------------------------
************************** Running Now **************************************
--------------------------------------------------------------------------------
Test Case Number in Current Execution: 15 / 41
Test Case Name: suites.productLine.ProductLineTests.add_finances_to_portfolio_current_year
Test Case Groups: [regression, PRO_REGRESSION, PRO_PRODUCT_PORTFOLIO]
--------------------------------------------------------------------------------

03 Aug 2026 21:02:15,670 MainUtils: Request Method => PATCH
 Request URI => https://accelerate-qa.calibo.com/elab/portfolios/finances
03 Aug 2026 21:02:15,671 MainUtils: Request Body => {
    "portfolioId": "babb9459-7377-48b0-bf2e-0e85082544e8",
    "years": [
        {
            "revenueTarget": 200,
            "portfolioId": "babb9459-7377-48b0-bf2e-0e85082544e8",
            "year": 2026,
            "productLineSummary": [
                
            ],
            "approvedBudget": 100
        }
    ]
}
03 Aug 2026 21:02:15,672 MainUtils: Response Status => HTTP/1.1 201 
03 Aug 2026 21:02:15,672 MainUtils: Response Header: X-Traceid => 6a70b47f5ba7f5f754242911bbe9cb9b
03 Aug 2026 21:02:15,674 MainUtils: 
 Response Body => {
    "years": [
        {
            "id": "694059b8-0d12-400a-a44c-bd51215c235c",
            "year": "2026",
            "yearName": "2026",
            "portfolioId": "babb9459-7377-48b0-bf2e-0e85082544e8",
            "productLineSummary": [
                
            ],
            "revenueTarget": 200,
            "approvedBudget": 100,
            "workflowStatus": "NONE",
            "workflowEnabled": false,
            "reworkLimitEnabled": false,
            "createdBy": "api.automation@calibo.com"
        }
    ]
}
03 Aug 2026 21:02:15,715 TestListener: 
Suite Execution Summary: 
Passed / Failed / Skipped / Total Tests: 15 / 0 / 0 / 41

Test Case: suites.productLine.ProductLineTests.add_finances_to_portfolio_current_year — PASSED
Execution Time: 1.56 seconds

03 Aug 2026 21:02:15,716 TestListener: 
--------------------------------------------------------------------------------
************************** Running Now **************************************
--------------------------------------------------------------------------------
Test Case Number in Current Execution: 16 / 41
Test Case Name: suites.productLine.ProductLineTests.change_productLine_ownerToStakeholder_and_stakeholderToOwner
Test Case Groups: [regression, PRO_REGRESSION, PRO_PRODUCT_PORTFOLIO]
--------------------------------------------------------------------------------

03 Aug 2026 21:02:17,025 MainUtils: Request Method => PATCH
 Request URI => https://accelerate-qa.calibo.com/elab/portfolios/babb9459-7377-48b0-bf2e-0e85082544e8
03 Aug 2026 21:02:17,027 MainUtils: Request Body => {
    "description": "Automation Testing Product line Description",
    "currency": "USD",
    "stakeholders": [
        {
            "name": "API Automation",
            "roleName": "MEMBER",
            "email": "api.automation@calibo.com",
            "username": "api.automation@calibo.com"
        },
        {
            "name": "e2e automation",
            "roleName": "OWNER",
            "email": "e2e.automation@calibo.com",
            "username": "e2e.automation@calibo.com"
        }
    ],
    "projectIds": [
        
    ],
    "priority": "LOW",
    "strategy": "Automation Testing Strategy",
    "title": "PL_Auto_Validation_0khyXmEdit",
    "value": 100
}
03 Aug 2026 21:02:17,027 MainUtils: Response Status => HTTP/1.1 200 
03 Aug 2026 21:02:17,028 MainUtils: Response Header: X-Traceid => 6a70b480b34f2febe9617762d2a7c3c1
03 Aug 2026 21:02:17,029 MainUtils: 
 Response Body => {
    "id": "babb9459-7377-48b0-bf2e-0e85082544e8",
    "code": "c5f68417-51c2-486f-b8ed-ff7af605f933",
    "title": "PL_Auto_Validation_0khyXmEdit",
    "description": "Automation Testing Product line Description",
    "strategy": "Automation Testing Strategy",
    "visibility": true,
    "priority": "LOW",
    "value": 100,
    "currency": "USD",
    "stakeholders": [
        {
            
        }
    ],
    "projects": [
        
    ],
    "createdBy": "api.automation@calibo.com",
    "name": "API Automation",
    "createdOn": "2026-08-03T15:32:06",
    "updatedOn": "2026-08-03T15:32:16.940462",
    "workflowEnabled": false,
    "workflowStatus": "NONE",
    "productWorkflowEnabled": false,
    "reworkLimitEnabled": false,
    "additionalAttributes": [
        
    ]
}
03 Aug 2026 21:02:18,539 MainUtils: GET https://accelerate-qa.calibo.com/elab/portfolios/babb9459-7377-48b0-bf2e-0e85082544e8
03 Aug 2026 21:02:18,540 MainUtils: Response Status => HTTP/1.1 200 
03 Aug 2026 21:02:18,541 MainUtils: Response Header: X-Traceid => 6a70b4825ead60ab4b668d171a72b7ae
03 Aug 2026 21:02:18,543 MainUtils: 
 Response Body => {
    "id": "babb9459-7377-48b0-bf2e-0e85082544e8",
    "code": "c5f68417-51c2-486f-b8ed-ff7af605f933",
    "title": "PL_Auto_Validation_0khyXmEdit",
    "description": "Automation Testing Product line Description",
    "strategy": "Automation Testing Strategy",
    "visibility": true,
    "priority": "LOW",
    "value": 100.00,
    "currency": "USD",
    "stakeholders": [
        {
            "id": "c7e027a5-ba42-467c-94d7-fb09490c3e0d",
            "teamCode": "92d75c96-4179-456b-af74-760782621523",
            "title": "PL_Auto_Validation_0khyXmEdit",
            "email": "api.automation@calibo.com",
            "fullName": "API Automation",
            "role": "MEMBER",
            "createdOn": "2026-08-03T15:32:06",
            "status": "ACTIVE"
        },
        {
            "id": "dfc360ee-aa62-43ab-8642-1f624d6cbf27",
            "teamCode": "92d75c96-4179-456b-af74-760782621523",
            "title": "PL_Auto_Validation_0khyXmEdit",
            "email": "e2e.automation@calibo.com",
            "fullName": "e2e automation",
            "role": "OWNER",
            "createdOn": "2026-08-03T15:32:17",
            "status": "ACTIVE"
        }
    ],
    "projects": [
        
    ],
    "createdBy": "api.automation@calibo.com",
    "name": "API Automation",
    "createdOn": "2026-08-03T15:32:06",
    "updatedOn": "2026-08-03T15:32:17",
    "workflowEnabled": false,
    "workflowStatus": "NONE",
    "productWorkflowEnabled": false,
    "reworkLimitEnabled": false,
    "additionalAttributes": [
        
    ],
    "templateAssociatedToWorkflow": false
}
03 Aug 2026 21:02:19,893 MainUtils: Request Method => PATCH
 Request URI => https://accelerate-qa.calibo.com/elab/portfolios/babb9459-7377-48b0-bf2e-0e85082544e8
03 Aug 2026 21:02:19,894 MainUtils: Request Body => {
    "description": "Automation Testing Product line Description",
    "currency": "USD",
    "stakeholders": [
        {
            "name": "API Automation",
            "roleName": "OWNER",
            "email": "api.automation@calibo.com",
            "username": "api.automation@calibo.com"
        }
    ],
    "projectIds": [
        
    ],
    "priority": "LOW",
    "strategy": "Automation Testing Strategy",
    "title": "PL_Auto_Validation_0khyXmEdit",
    "value": 100
}
03 Aug 2026 21:02:19,895 MainUtils: Response Status => HTTP/1.1 200 
03 Aug 2026 21:02:19,895 MainUtils: Response Header: X-Traceid => 6a70b483216468c16e39aa5e24284d96
03 Aug 2026 21:02:19,896 MainUtils: 
 Response Body => {
    "id": "babb9459-7377-48b0-bf2e-0e85082544e8",
    "code": "c5f68417-51c2-486f-b8ed-ff7af605f933",
    "title": "PL_Auto_Validation_0khyXmEdit",
    "description": "Automation Testing Product line Description",
    "strategy": "Automation Testing Strategy",
    "visibility": true,
    "priority": "LOW",
    "value": 100,
    "currency": "USD",
    "stakeholders": [
        {
            
        }
    ],
    "projects": [
        
    ],
    "createdBy": "api.automation@calibo.com",
    "name": "API Automation",
    "createdOn": "2026-08-03T15:32:06",
    "updatedOn": "2026-08-03T15:32:19.811415",
    "workflowEnabled": false,
    "workflowStatus": "NONE",
    "productWorkflowEnabled": false,
    "reworkLimitEnabled": false,
    "additionalAttributes": [
        
    ]
}
03 Aug 2026 21:02:19,899 TestListener: 
Suite Execution Summary: 
Passed / Failed / Skipped / Total Tests: 16 / 0 / 0 / 41

Test Case: suites.productLine.ProductLineTests.change_productLine_ownerToStakeholder_and_stakeholderToOwner — PASSED
Execution Time: 4.18 seconds

03 Aug 2026 21:02:19,902 TestListener: 
--------------------------------------------------------------------------------
************************** Running Now **************************************
--------------------------------------------------------------------------------
Test Case Number in Current Execution: 17 / 41
Test Case Name: suites.productLine.ProductLineTests.create_operation_project_with_new_productLine
Test Case Groups: [regression, PRO_REGRESSION, PRO_PRODUCT_PORTFOLIO]
--------------------------------------------------------------------------------

03 Aug 2026 21:02:22,588 MainUtils: Request Method => POST
 Request URI => https://accelerate-qa.calibo.com/elab/v2/projects
03 Aug 2026 21:02:22,589 MainUtils: Request Body => {
    "teamName": "OperationTeam",
    "creatorRoleId": "4515cc50-1938-406c-9b9a-1615249c7b3d",
    "workspaceLineId": "babb9459-7377-48b0-bf2e-0e85082544e8",
    "creatorId": "a60028df-7214-4fbc-a56b-74a47d538760",
    "description": "Description",
    "customerSegments": [
        
    ],
    "title": "OperationProject__NPL_0khyXm",
    "createConfluenceSpace": true,
    "workstreamEnabled": false,
    "memberList": [
        {
            "rolesAllocation": [
                {
                    "allocation": 0,
                    "roleId": "4515cc50-1938-406c-9b9a-1615249c7b3d",
                    "allocationFrom": 1785695400000,
                    "allocationTo": 1788287400000
                }
            ],
            "totalAllocation": 0,
            "firstName": "API",
            "lastName": "Automation",
            "roles": [
                "4515cc50-1938-406c-9b9a-1615249c7b3d"
            ],
            "fullName": "API Automation",
            "allocationFrom": 1785695400000,
            "allocationTo": 1788287400000,
            "id": "154ac92e-c641-44f0-ad96-0d7c7c6be7e2",
            "userId": "a60028df-7214-4fbc-a56b-74a47d538760",
            "email": "api.automation@calibo.com"
        }
    ],
    "projectOwnerRoleId": "4515cc50-1938-406c-9b9a-1615249c7b3d",
    "endsOn": 4071359654435,
    "visibility": false,
    "stageType": "OPERATION",
    "releaseEnabled": false,
    "priority": "HIGH",
    "startsOn": 1577817000000,
    "tags": [
        
    ],
    "ahaFeatureImport": false,
    "sectionIds": [
        5
    ],
    "portfolioId": "babb9459-7377-48b0-bf2e-0e85082544e8",
    "productCode": "",
    "createAgileProject": false,
    "businessGroupId": "a4472f5a-67ef-4da0-ab2c-5d399733e831",
    "agileBoardId": "",
    "milestones": [
        
    ],
    "additionalAttributes": [
        
    ]
}
03 Aug 2026 21:02:22,590 MainUtils: Response Status => HTTP/1.1 201 
03 Aug 2026 21:02:22,591 MainUtils: Response Header: X-Traceid => 6a70b485b0bb6c3d999d3d6dbfccc363
03 Aug 2026 21:02:22,593 MainUtils: 
 Response Body => {
    "id": "65684cd5-6c04-44d6-a1e5-56b34af58066",
    "code": "cefd0022-7758-489b-aef9-477821847e92",
    "title": "OperationProject__NPL_0khyXm",
    "description": "Description",
    "visibility": false,
    "startsOn": 1577817000000,
    "endsOn": 4071359654435,
    "classifierType": "ELAB",
    "sections": [
        {
            "id": 5,
            "code": "ed6dfcb3-c59a-4cd2-a6b6-c206d443a7db",
            "title": "Barton",
            "description": "Barton",
            "type": "SECTION",
            "logo": "Barton.jpg"
        }
    ],
    "subSections": [
        
    ],
    "dependentProjects": [
        
    ],
    "tags": [
        
    ],
    "customerSegments": [
        
    ],
    "deploymentLifespan": 1785781941460,
    "createdBy": "api.automation@calibo.com",
    "name": "API Automation",
    "portfolioTitle": "PL_Auto_Validation_0khyXmEdit",
    "portfolioVisibility": true,
    "projectStatus": "NOT_STARTED",
    "businessGroupId": "a4472f5a-67ef-4da0-ab2c-5d399733e831",
    "additionalAttributes": [
        
    ],
    "workstreamEnabled": false,
    "releaseEnabled": false,
    "migrationEnabled": false,
    "userProjectRoles": [
        
    ],
    "teamName": "OperationTeam",
    "portfolioId": "babb9459-7377-48b0-bf2e-0e85082544e8",
    "productCode": "",
    "agileBoardId": "",
    "priority": "HIGH",
    "workspaces": {
        
    },
    "milestones": [
        
    ],
    "ahaFeatureImport": false,
    "creatorName": "API Automation",
    "creatorId": "a60028df-7214-4fbc-a56b-74a47d538760",
    "creatorRoleId": "4515cc50-1938-406c-9b9a-1615249c7b3d",
    "memberList": [
        {
            "userId": "a60028df-7214-4fbc-a56b-74a47d538760",
            "firstName": "API",
            "lastName": "Automation",
            "fullName": "API Automation",
            "email": "api.automation@calibo.com",
            "roles": [
                "4515cc50-1938-406c-9b9a-1615249c7b3d"
            ],
            "updatedOn": "2026-08-03T15:32:22.351592",
            "updatedBy": "api.automation@calibo.com",
            "isOwner": true,
            "rolesAllocation": [
                {
                    "roleId": "4515cc50-1938-406c-9b9a-1615249c7b3d",
                    "allocation": 0,
                    "allocationFrom": 1785695400000,
                    "allocationTo": 1788287400000
                }
            ],
            "totalAllocation": 0,
            "allocationFrom": 1785695400000,
            "allocationTo": 1788287400000,
            "status": "ACTIVE"
        }
    ],
    "stageType": "OPERATION",
    "businessGroupName": "BG_Automation",
    "likesSummary": {
        "likes": 0,
        "likedBy": [
            
        ]
    },
    "workflowStatus": "NONE",
    "workflowEnabled": false,
    "featureWorkflowEnabled": false,
    "reworkLimitEnabled": false,
    "liked": false
}
03 Aug 2026 21:02:22,615 TestListener: 
Suite Execution Summary: 
Passed / Failed / Skipped / Total Tests: 17 / 0 / 0 / 41

Test Case: suites.productLine.ProductLineTests.create_operation_project_with_new_productLine — PASSED
Execution Time: 2.71 seconds

03 Aug 2026 21:02:22,618 TestListener: 
--------------------------------------------------------------------------------
************************** Running Now **************************************
--------------------------------------------------------------------------------
Test Case Number in Current Execution: 18 / 41
Test Case Name: suites.productLine.ProductLineTests.edit_productLine_with_blank_description
Test Case Groups: [regression, PRO_REGRESSION, PRO_PRODUCT_PORTFOLIO]
--------------------------------------------------------------------------------

03 Aug 2026 21:02:23,742 MainUtils: Request Method => PATCH
 Request URI => https://accelerate-qa.calibo.com/elab/portfolios/babb9459-7377-48b0-bf2e-0e85082544e8
03 Aug 2026 21:02:23,743 MainUtils: Request Body => {
    "description": "",
    "currency": "USD",
    "stakeholders": [
        {
            "name": "API Automation",
            "roleName": "OWNER",
            "email": "api.automation@calibo.com",
            "username": "api.automation@calibo.com"
        }
    ],
    "projectIds": [
        
    ],
    "priority": "LOW",
    "strategy": "Automation Testing Strategy",
    "title": "PL_Auto_Validation_0khyXmEdit",
    "value": 100
}
03 Aug 2026 21:02:23,743 MainUtils: Response Status => HTTP/1.1 400 
03 Aug 2026 21:02:23,743 MainUtils: Response Header: X-Traceid => 6a70b48727aaec8f9295dad1f8bde270
03 Aug 2026 21:02:23,744 MainUtils: 
 Response Body => {
    "code": "LL001",
    "message": "Validation failed: One or more fields contain invalid or unsafe input.",
    "subMessages": [
        "description: must not be blank"
    ]
}
03 Aug 2026 21:02:23,753 TestListener: 
Suite Execution Summary: 
Passed / Failed / Skipped / Total Tests: 18 / 0 / 0 / 41

Test Case: suites.productLine.ProductLineTests.edit_productLine_with_blank_description — PASSED
Execution Time: 1.14 seconds

03 Aug 2026 21:02:23,758 TestListener: 
--------------------------------------------------------------------------------
************************** Running Now **************************************
--------------------------------------------------------------------------------
Test Case Number in Current Execution: 19 / 41
Test Case Name: suites.productLine.ProductLineTests.edit_productLine_with_blank_title
Test Case Groups: [regression, PRO_REGRESSION, PRO_PRODUCT_PORTFOLIO]
--------------------------------------------------------------------------------

03 Aug 2026 21:02:24,939 MainUtils: Request Method => PATCH
 Request URI => https://accelerate-qa.calibo.com/elab/portfolios/babb9459-7377-48b0-bf2e-0e85082544e8
03 Aug 2026 21:02:24,941 MainUtils: Request Body => {
    "description": "Automation Testing Product line Description",
    "currency": "USD",
    "stakeholders": [
        {
            "name": "API Automation",
            "roleName": "OWNER",
            "email": "api.automation@calibo.com",
            "username": "api.automation@calibo.com"
        }
    ],
    "projectIds": [
        
    ],
    "priority": "LOW",
    "strategy": "Automation Testing Strategy",
    "title": "",
    "value": 100
}
03 Aug 2026 21:02:24,941 MainUtils: Response Status => HTTP/1.1 400 
03 Aug 2026 21:02:24,941 MainUtils: Response Header: X-Traceid => 6a70b48814204ae685590563c8b9fc4d
03 Aug 2026 21:02:24,943 MainUtils: 
 Response Body => {
    "code": "LL001",
    "message": "Validation failed: One or more fields contain invalid or unsafe input.",
    "subMessages": [
        "title: portfolio title cannot contain special characters except _ and -",
        "title: must not be blank"
    ]
}
03 Aug 2026 21:02:24,958 TestListener: 
Suite Execution Summary: 
Passed / Failed / Skipped / Total Tests: 19 / 0 / 0 / 41

Test Case: suites.productLine.ProductLineTests.edit_productLine_with_blank_title — PASSED
Execution Time: 1.20 seconds

03 Aug 2026 21:02:24,964 TestListener: 
--------------------------------------------------------------------------------
************************** Running Now **************************************
--------------------------------------------------------------------------------
Test Case Number in Current Execution: 20 / 41
Test Case Name: suites.productLine.ProductLineTests.edit_productLine_with_only_stakeholder_member
Test Case Groups: [regression, PRO_REGRESSION, PRO_PRODUCT_PORTFOLIO]
--------------------------------------------------------------------------------

03 Aug 2026 21:02:29,762 MainUtils: Request Method => PATCH
 Request URI => https://accelerate-qa.calibo.com/elab/portfolios/babb9459-7377-48b0-bf2e-0e85082544e8
03 Aug 2026 21:02:29,763 MainUtils: Request Body => {
    "description": "Automation Testing Product line Description",
    "currency": "USD",
    "stakeholders": [
        {
            "name": "e2e automation",
            "roleName": "MEMBER",
            "email": "e2e.automation@calibo.com",
            "username": "e2e.automation@calibo.com"
        }
    ],
    "projectIds": [
        
    ],
    "priority": "LOW",
    "strategy": "Automation Testing Strategy",
    "title": "PL_Auto_Validation_0khyXmEdit",
    "value": 100
}
03 Aug 2026 21:02:29,764 MainUtils: Response Status => HTTP/1.1 400 
03 Aug 2026 21:02:29,764 MainUtils: Response Header: X-Traceid => 6a70b48d46580262f2bac501cb592ec0
03 Aug 2026 21:02:29,765 MainUtils: 
 Response Body => {
    "code": "elab0072",
    "message": "Owner stakeholder required."
}
03 Aug 2026 21:02:29,778 TestListener: 
Suite Execution Summary: 
Passed / Failed / Skipped / Total Tests: 20 / 0 / 0 / 41

Test Case: suites.productLine.ProductLineTests.edit_productLine_with_only_stakeholder_member — PASSED
Execution Time: 4.81 seconds

03 Aug 2026 21:02:29,781 TestListener: 
--------------------------------------------------------------------------------
************************** Running Now **************************************
--------------------------------------------------------------------------------
Test Case Number in Current Execution: 21 / 41
Test Case Name: suites.productLine.ProductLineTests.edit_productLine_without_priority
Test Case Groups: [regression, PRO_REGRESSION, PRO_PRODUCT_PORTFOLIO]
--------------------------------------------------------------------------------

03 Aug 2026 21:02:31,901 MainUtils: Request Method => PATCH
 Request URI => https://accelerate-qa.calibo.com/elab/portfolios/babb9459-7377-48b0-bf2e-0e85082544e8
03 Aug 2026 21:02:31,902 MainUtils: Request Body => {
    "description": "Automation Testing Product line Description",
    "currency": "USD",
    "stakeholders": [
        {
            "name": "API Automation",
            "roleName": "OWNER",
            "email": "api.automation@calibo.com",
            "username": "api.automation@calibo.com"
        }
    ],
    "projectIds": [
        
    ],
    "strategy": "Automation Testing Strategy",
    "title": "PL_Auto_Validation_0khyXmEdit",
    "value": 100
}
03 Aug 2026 21:02:31,903 MainUtils: Response Status => HTTP/1.1 400 
03 Aug 2026 21:02:31,903 MainUtils: Response Header: X-Traceid => 6a70b48ffe4e58f0b63581f1d5dca440
03 Aug 2026 21:02:31,904 MainUtils: 
 Response Body => {
    "code": "LL001",
    "message": "Validation failed: One or more fields contain invalid or unsafe input.",
    "subMessages": [
        "priority: must not be null"
    ]
}
03 Aug 2026 21:02:31,918 TestListener: 
Suite Execution Summary: 
Passed / Failed / Skipped / Total Tests: 21 / 0 / 0 / 41

Test Case: suites.productLine.ProductLineTests.edit_productLine_without_priority — PASSED
Execution Time: 2.14 seconds

03 Aug 2026 21:02:31,921 TestListener: 
--------------------------------------------------------------------------------
************************** Running Now **************************************
--------------------------------------------------------------------------------
Test Case Number in Current Execution: 22 / 41
Test Case Name: suites.productLine.ProductLineTests.edit_productLine_without_stakeholder_owner
Test Case Groups: [regression, PRO_REGRESSION, PRO_PRODUCT_PORTFOLIO]
--------------------------------------------------------------------------------

03 Aug 2026 21:02:33,412 MainUtils: Request Method => PATCH
 Request URI => https://accelerate-qa.calibo.com/elab/portfolios/babb9459-7377-48b0-bf2e-0e85082544e8
03 Aug 2026 21:02:33,413 MainUtils: Request Body => {
    "description": "Automation Testing Product line Description",
    "currency": "USD",
    "stakeholders": [
        
    ],
    "projectIds": [
        
    ],
    "strategy": "Automation Testing Strategy",
    "title": "PL_Auto_Validation_0khyXmEdit",
    "priority": "LOW",
    "value": 100
}
03 Aug 2026 21:02:33,414 MainUtils: Response Status => HTTP/1.1 400 
03 Aug 2026 21:02:33,414 MainUtils: Response Header: X-Traceid => 6a70b4912d709e8690053b1ad8907044
03 Aug 2026 21:02:33,415 MainUtils: 
 Response Body => {
    "code": "LL001",
    "message": "Validation failed: One or more fields contain invalid or unsafe input.",
    "subMessages": [
        "stakeholders: Stakeholder details should not be empty"
    ]
}
03 Aug 2026 21:02:33,430 TestListener: 
Suite Execution Summary: 
Passed / Failed / Skipped / Total Tests: 22 / 0 / 0 / 41

Test Case: suites.productLine.ProductLineTests.edit_productLine_without_stakeholder_owner — PASSED
Execution Time: 1.51 seconds

03 Aug 2026 21:02:33,433 TestListener: 
--------------------------------------------------------------------------------
************************** Running Now **************************************
--------------------------------------------------------------------------------
Test Case Number in Current Execution: 23 / 41
Test Case Name: suites.productLine.ProductLineTests.search_productLine
Test Case Groups: [regression, PRO_REGRESSION, PRO_PRODUCT_PORTFOLIO]
--------------------------------------------------------------------------------

03 Aug 2026 21:02:35,911 MainUtils: GET https://accelerate-qa.calibo.com/elab/portfolios?limit=10&offset=0&sort=desc&search=automation
03 Aug 2026 21:02:35,912 MainUtils: Response Status => HTTP/1.1 200 
03 Aug 2026 21:02:35,912 MainUtils: Response Header: X-Traceid => 6a70b492e90af3f2fee4dc9f0dc67c4a
03 Aug 2026 21:02:35,914 MainUtils: 
 Response Body => {
    "portfolios": [
        {
            "id": "a84477c5-37c2-4c1e-8920-6220eb73babd",
            "code": "d911decd-cb4c-4179-95e4-0a37988014e6",
            "title": "Automation E2E Product Portfolio",
            "description": "Automation E2E Product Portfolio",
            "visibility": false,
            "priority": "MEDIUM",
            "value": 0.00,
            "currency": "USD",
            "createdBy": "api.automation@calibo.com",
            "name": "API Automation",
            "createdOn": "2026-08-03T14:58:35",
            "workflowEnabled": false,
            "workflowStatus": "NONE",
            "projectCount": 1,
            "additionalAttributes": [
                
            ]
        },
        {
            "id": "8e48281e-f0c0-494b-b2d1-993cc43655cd",
            "code": "f3974698-d688-4dcb-81f1-b3e22d307ebc",
            "title": "UIAutomationPermanentPortfolio",
            "description": "UIAutomationPermanentPortfolio",
            "visibility": false,
            "portfolioLogoId": "",
            "priority": "MEDIUM",
            "value": 0.00,
            "currency": "USD",
            "createdBy": "lazsa-developer4@calibo.com",
            "name": "Lazsa Developer4",
            "createdOn": "2025-05-02T05:07:20",
            "workflowEnabled": false,
            "workflowStatus": "NONE",
            "projectCount": 2,
            "additionalAttributes": [
                
            ]
        },
        {
            "id": "fbe404dc-91c2-4d99-ad0a-62290026747d",
            "code": "fab3025f-0b8c-4dee-b4ae-ff100f725dce",
            "title": "RanjuAutomation",
            "description": "RanjuAutomation",
            "visibility": false,
            "priority": "MEDIUM",
            "value": 0.00,
            "currency": "USD",
            "createdBy": "rakumari.ext@calibo.com",
            "name": "Ranju Kumari",
            "createdOn": "2025-02-18T10:25:57",
            "workflowEnabled": false,
            "workflowStatus": "NONE",
            "projectCount": 5,
            "additionalAttributes": [
                
            ]
        },
        {
            "id": "6b6c1fe7-e0e7-47b8-bf75-14f8fb7eb3da",
            "code": "80c49014-85ca-42f8-82dd-7d4d579254d1",
            "title": "DefaultAutomationPL",
            "description": "Do not delete or edit. This is Automation Testing Default Product line",
            "strategy": "Automation Testing Strategy",
            "visibility": true,
            "priority": "LOW",
            "value": 100.00,
            "currency": "USD",
            "createdBy": "api.automation@calibo.com",
            "name": "API Automation",
            "createdOn": "2025-02-06T12:01:06",
            "workflowEnabled": false,
            "workflowStatus": "NONE",
            "projectCount": 126,
            "additionalAttributes": [
                
            ]
        }
    ],
    "totalElements": 4,
    "totalPages": 1
}
03 Aug 2026 21:02:35,939 TestListener: 
Suite Execution Summary: 
Passed / Failed / Skipped / Total Tests: 23 / 0 / 0 / 41

Test Case: suites.productLine.ProductLineTests.search_productLine — PASSED
Execution Time: 2.51 seconds

03 Aug 2026 21:02:35,941 TestListener: 
--------------------------------------------------------------------------------
************************** Running Now **************************************
--------------------------------------------------------------------------------
Test Case Number in Current Execution: 24 / 41
Test Case Name: suites.productLine.ProductLineTests.search_productLine_with_random_searchTerm
Test Case Groups: [regression, PRO_REGRESSION, PRO_PRODUCT_PORTFOLIO]
--------------------------------------------------------------------------------

03 Aug 2026 21:02:37,166 MainUtils: GET https://accelerate-qa.calibo.com/elab/portfolios?limit=10&offset=0&sort=desc&search=abcdefghijklmnopqrstuvwxyz
03 Aug 2026 21:02:37,166 MainUtils: Response Status => HTTP/1.1 200 
03 Aug 2026 21:02:37,167 MainUtils: Response Header: X-Traceid => 6a70b495a5a6fe3c9f35c2e586fc7e63
03 Aug 2026 21:02:37,168 MainUtils: 
 Response Body => {
    "portfolios": [
        
    ],
    "totalElements": 0,
    "totalPages": 0
}
03 Aug 2026 21:02:37,181 TestListener: 
Suite Execution Summary: 
Passed / Failed / Skipped / Total Tests: 24 / 0 / 0 / 41

Test Case: suites.productLine.ProductLineTests.search_productLine_with_random_searchTerm — PASSED
Execution Time: 1.24 seconds

03 Aug 2026 21:02:37,185 TestListener: 
--------------------------------------------------------------------------------
************************** Running Now **************************************
--------------------------------------------------------------------------------
Test Case Number in Current Execution: 25 / 41
Test Case Name: suites.productLine.ProductLineTests.upload_jpg_logo_to_productLine
Test Case Groups: [regression, PRO_REGRESSION, PRO_PRODUCT_PORTFOLIO]
--------------------------------------------------------------------------------

03 Aug 2026 21:02:39,595 MainUtils: POST https://accelerate-qa.calibo.com/utility/file/upload
03 Aug 2026 21:02:39,596 MainUtils:  
 MultipartDetails for: file
  File Name: jpgFileToUpload.jpg 
  Content: /Users/sibelura/Documents/lazsa-e2e-api-tests/src/test/resources/testdata/productLine/jpgFileToUpload.jpg
03 Aug 2026 21:02:39,596 MainUtils:  
 MultipartDetails for: folderName
  File Name: file 
  Content: portfolio_images
03 Aug 2026 21:02:39,596 MainUtils: Response Status => HTTP/1.1 200 
03 Aug 2026 21:02:39,597 MainUtils: Response Header: X-Traceid => 6a70b4976ccf8fdbead5d39fb494ebd2
03 Aug 2026 21:02:39,598 MainUtils: 
 Response Body => [
    {
        "id": "5912c4af-fa5c-4888-a6e1-f0ae961095f2",
        "fileName": "jpgFileToUpload_1785771159478.jpg",
        "fileType": "image/jpeg",
        "size": 102117
    }
]
03 Aug 2026 21:02:41,273 MainUtils: Request Method => PATCH
 Request URI => https://accelerate-qa.calibo.com/elab/portfolios/babb9459-7377-48b0-bf2e-0e85082544e8
03 Aug 2026 21:02:41,274 MainUtils: Request Body => {
    "description": "Automation Testing Product line Description",
    "currency": "USD",
    "stakeholders": [
        {
            "name": "API Automation",
            "roleName": "OWNER",
            "email": "api.automation@calibo.com",
            "username": "api.automation@calibo.com"
        }
    ],
    "projectIds": [
        
    ],
    "strategy": "Automation Testing Strategy",
    "title": "PL_Auto_Validation_0khyXmEdit",
    "priority": "LOW",
    "portfolioLogoId": "5912c4af-fa5c-4888-a6e1-f0ae961095f2",
    "value": 100
}
03 Aug 2026 21:02:41,275 MainUtils: Response Status => HTTP/1.1 200 
03 Aug 2026 21:02:41,275 MainUtils: Response Header: X-Traceid => 6a70b499e224ba139e8e8cfdb0309c8a
03 Aug 2026 21:02:41,276 MainUtils: 
 Response Body => {
    "id": "babb9459-7377-48b0-bf2e-0e85082544e8",
    "code": "c5f68417-51c2-486f-b8ed-ff7af605f933",
    "title": "PL_Auto_Validation_0khyXmEdit",
    "description": "Automation Testing Product line Description",
    "strategy": "Automation Testing Strategy",
    "visibility": true,
    "portfolioLogoId": "5912c4af-fa5c-4888-a6e1-f0ae961095f2",
    "priority": "LOW",
    "value": 100,
    "currency": "USD",
    "stakeholders": [
        {
            
        }
    ],
    "projects": [
        
    ],
    "createdBy": "api.automation@calibo.com",
    "name": "API Automation",
    "createdOn": "2026-08-03T15:32:06",
    "updatedOn": "2026-08-03T15:32:41.20358",
    "workflowEnabled": false,
    "workflowStatus": "NONE",
    "productWorkflowEnabled": false,
    "reworkLimitEnabled": false,
    "additionalAttributes": [
        
    ]
}
03 Aug 2026 21:02:41,283 TestListener: 
Suite Execution Summary: 
Passed / Failed / Skipped / Total Tests: 25 / 0 / 0 / 41

Test Case: suites.productLine.ProductLineTests.upload_jpg_logo_to_productLine — PASSED
Execution Time: 4.10 seconds

03 Aug 2026 21:02:41,286 TestListener: 
--------------------------------------------------------------------------------
************************** Running Now **************************************
--------------------------------------------------------------------------------
Test Case Number in Current Execution: 26 / 41
Test Case Name: suites.productLine.ProductLineTests.upload_png_logo_to_productLine
Test Case Groups: [regression, PRO_REGRESSION, PRO_PRODUCT_PORTFOLIO]
--------------------------------------------------------------------------------

03 Aug 2026 21:02:43,532 MainUtils: POST https://accelerate-qa.calibo.com/utility/file/upload
03 Aug 2026 21:02:43,533 MainUtils:  
 MultipartDetails for: file
  File Name: pngFileToUpload.png 
  Content: /Users/sibelura/Documents/lazsa-e2e-api-tests/src/test/resources/testdata/productLine/pngFileToUpload.png
03 Aug 2026 21:02:43,533 MainUtils:  
 MultipartDetails for: folderName
  File Name: file 
  Content: portfolio_images
03 Aug 2026 21:02:43,534 MainUtils: Response Status => HTTP/1.1 200 
03 Aug 2026 21:02:43,534 MainUtils: Response Header: X-Traceid => 6a70b49babe8856c993c44890a0bd841
03 Aug 2026 21:02:43,535 MainUtils: 
 Response Body => [
    {
        "id": "c4e8d21f-3089-402c-859e-7610d7f5f721",
        "fileName": "pngFileToUpload_1785771163431.png",
        "fileType": "image/png",
        "size": 104327
    }
]
03 Aug 2026 21:02:44,954 MainUtils: Request Method => PATCH
 Request URI => https://accelerate-qa.calibo.com/elab/portfolios/babb9459-7377-48b0-bf2e-0e85082544e8
03 Aug 2026 21:02:44,955 MainUtils: Request Body => {
    "description": "Automation Testing Product line Description",
    "currency": "USD",
    "stakeholders": [
        {
            "name": "API Automation",
            "roleName": "OWNER",
            "email": "api.automation@calibo.com",
            "username": "api.automation@calibo.com"
        }
    ],
    "projectIds": [
        
    ],
    "strategy": "Automation Testing Strategy",
    "title": "PL_Auto_Validation_0khyXmEdit",
    "priority": "LOW",
    "portfolioLogoId": "c4e8d21f-3089-402c-859e-7610d7f5f721",
    "value": 100
}
03 Aug 2026 21:02:44,956 MainUtils: Response Status => HTTP/1.1 200 
03 Aug 2026 21:02:44,956 MainUtils: Response Header: X-Traceid => 6a70b49c55ae2579270b9c6c7479f9f1
03 Aug 2026 21:02:44,957 MainUtils: 
 Response Body => {
    "id": "babb9459-7377-48b0-bf2e-0e85082544e8",
    "code": "c5f68417-51c2-486f-b8ed-ff7af605f933",
    "title": "PL_Auto_Validation_0khyXmEdit",
    "description": "Automation Testing Product line Description",
    "strategy": "Automation Testing Strategy",
    "visibility": true,
    "portfolioLogoId": "c4e8d21f-3089-402c-859e-7610d7f5f721",
    "priority": "LOW",
    "value": 100,
    "currency": "USD",
    "stakeholders": [
        {
            
        }
    ],
    "projects": [
        
    ],
    "createdBy": "api.automation@calibo.com",
    "name": "API Automation",
    "createdOn": "2026-08-03T15:32:06",
    "updatedOn": "2026-08-03T15:32:44.879501",
    "workflowEnabled": false,
    "workflowStatus": "NONE",
    "productWorkflowEnabled": false,
    "reworkLimitEnabled": false,
    "additionalAttributes": [
        
    ]
}
03 Aug 2026 21:02:44,964 TestListener: 
Suite Execution Summary: 
Passed / Failed / Skipped / Total Tests: 26 / 0 / 0 / 41

Test Case: suites.productLine.ProductLineTests.upload_png_logo_to_productLine — PASSED
Execution Time: 3.68 seconds

03 Aug 2026 21:02:44,968 TestListener: 
--------------------------------------------------------------------------------
************************** Running Now **************************************
--------------------------------------------------------------------------------
Test Case Number in Current Execution: 27 / 41
Test Case Name: suites.productLine.ProductLineTests.delete_productLine_with_product_associated
Test Case Groups: [regression, PRO_REGRESSION, PRO_PRODUCT_PORTFOLIO]
--------------------------------------------------------------------------------

03 Aug 2026 21:02:46,297 MainUtils: Request Method => DELETE
 Request URI => https://accelerate-qa.calibo.com/elab/portfolios/a3a4fbcc-e93b-45e1-a379-9e41a5b39c58
03 Aug 2026 21:02:46,298 MainUtils: Request Body => {
    "comment": "Automation Cleanup"
}
03 Aug 2026 21:02:46,298 MainUtils: Response Status => HTTP/1.1 400 
03 Aug 2026 21:02:46,298 MainUtils: Response Header: X-Traceid => 6a70b49ecc927a76b6290ee7aace7fe9
03 Aug 2026 21:02:46,300 MainUtils: 
 Response Body => {
    "code": "elab0062",
    "message": "Portfolio can not be deleted, as it is associated with Products."
}
03 Aug 2026 21:02:46,313 TestListener: 
Suite Execution Summary: 
Passed / Failed / Skipped / Total Tests: 27 / 0 / 0 / 41

Test Case: suites.productLine.ProductLineTests.delete_productLine_with_product_associated — PASSED
Execution Time: 1.34 seconds

03 Aug 2026 21:02:46,317 TestListener: 
--------------------------------------------------------------------------------
************************** Running Now **************************************
--------------------------------------------------------------------------------
Test Case Number in Current Execution: 28 / 41
Test Case Name: suites.productLine.ProductLineTests.edit_productLine
Test Case Groups: [regression, PRO_REGRESSION, PRO_PRODUCT_PORTFOLIO]
--------------------------------------------------------------------------------

03 Aug 2026 21:02:47,641 MainUtils: Request Method => PATCH
 Request URI => https://accelerate-qa.calibo.com/elab/portfolios/30f7227f-c202-4896-be51-21ad25f2f7df
03 Aug 2026 21:02:47,643 MainUtils: Request Body => {
    "description": "Automation Testing Product line Description edit",
    "currency": "USD",
    "stakeholders": [
        {
            "name": "API Automation",
            "roleName": "OWNER",
            "email": "api.automation@calibo.com",
            "username": "api.automation@calibo.com"
        }
    ],
    "projectIds": [
        
    ],
    "priority": "LOW",
    "strategy": "Automation Testing Strategy",
    "title": "PL_Auto_0khyXm edit",
    "value": 100
}
03 Aug 2026 21:02:47,643 MainUtils: Response Status => HTTP/1.1 200 
03 Aug 2026 21:02:47,644 MainUtils: Response Header: X-Traceid => 6a70b49fdfd384c397c60edc1edd22d4
03 Aug 2026 21:02:47,645 MainUtils: 
 Response Body => {
    "id": "30f7227f-c202-4896-be51-21ad25f2f7df",
    "code": "b8a486dc-a80a-4aab-8bdc-ca80677d9a53",
    "title": "PL_Auto_0khyXm edit",
    "description": "Automation Testing Product line Description edit",
    "strategy": "Automation Testing Strategy",
    "visibility": true,
    "priority": "LOW",
    "value": 100,
    "currency": "USD",
    "stakeholders": [
        {
            
        }
    ],
    "projects": [
        
    ],
    "createdBy": "api.automation@calibo.com",
    "name": "API Automation",
    "createdOn": "2026-08-03T15:31:53",
    "updatedOn": "2026-08-03T15:32:47.563507",
    "workflowEnabled": false,
    "workflowStatus": "NONE",
    "productWorkflowEnabled": false,
    "reworkLimitEnabled": false,
    "additionalAttributes": [
        
    ]
}
03 Aug 2026 21:02:47,652 TestListener: 
Suite Execution Summary: 
Passed / Failed / Skipped / Total Tests: 28 / 0 / 0 / 41

Test Case: suites.productLine.ProductLineTests.edit_productLine — PASSED
Execution Time: 1.34 seconds

03 Aug 2026 21:02:47,657 TestListener: 
--------------------------------------------------------------------------------
************************** Running Now **************************************
--------------------------------------------------------------------------------
Test Case Number in Current Execution: 29 / 41
Test Case Name: suites.productLine.ProductLineTests.add_finances_to_portfolio_previous_year
Test Case Groups: [regression, PRO_REGRESSION, PRO_PRODUCT_PORTFOLIO]
--------------------------------------------------------------------------------

03 Aug 2026 21:02:48,936 MainUtils: Request Method => PATCH
 Request URI => https://accelerate-qa.calibo.com/elab/portfolios/finances
03 Aug 2026 21:02:48,937 MainUtils: Request Body => {
    "portfolioId": "babb9459-7377-48b0-bf2e-0e85082544e8",
    "years": [
        {
            "revenueTarget": 200,
            "portfolioId": "babb9459-7377-48b0-bf2e-0e85082544e8",
            "year": 2026,
            "productLineSummary": [
                
            ],
            "approvedBudget": 100,
            "id": "694059b8-0d12-400a-a44c-bd51215c235c"
        },
        {
            "revenueTarget": 200,
            "portfolioId": "babb9459-7377-48b0-bf2e-0e85082544e8",
            "year": 2025,
            "productLineSummary": [
                
            ],
            "approvedBudget": 100
        }
    ]
}
03 Aug 2026 21:02:48,937 MainUtils: Response Status => HTTP/1.1 201 
03 Aug 2026 21:02:48,937 MainUtils: Response Header: X-Traceid => 6a70b4a09744aef881ef8795ac71736c
03 Aug 2026 21:02:48,939 MainUtils: 
 Response Body => {
    "years": [
        {
            "id": "694059b8-0d12-400a-a44c-bd51215c235c",
            "year": "2026",
            "yearName": "2026",
            "portfolioId": "babb9459-7377-48b0-bf2e-0e85082544e8",
            "productLineSummary": [
                
            ],
            "revenueTarget": 200,
            "approvedBudget": 100,
            "workflowStatus": "NONE",
            "workflowEnabled": false,
            "reworkLimitEnabled": false,
            "createdBy": "api.automation@calibo.com"
        },
        {
            "id": "33780f90-191f-45e3-82d5-76c15c531fe8",
            "year": "2025",
            "yearName": "2025",
            "portfolioId": "babb9459-7377-48b0-bf2e-0e85082544e8",
            "productLineSummary": [
                
            ],
            "revenueTarget": 200,
            "approvedBudget": 100,
            "workflowStatus": "NONE",
            "workflowEnabled": false,
            "reworkLimitEnabled": false,
            "createdBy": "api.automation@calibo.com"
        }
    ]
}
03 Aug 2026 21:02:48,980 TestListener: 
Suite Execution Summary: 
Passed / Failed / Skipped / Total Tests: 29 / 0 / 0 / 41

Test Case: suites.productLine.ProductLineTests.add_finances_to_portfolio_previous_year — PASSED
Execution Time: 1.32 seconds

03 Aug 2026 21:02:48,981 TestListener: 
--------------------------------------------------------------------------------
************************** Running Now **************************************
--------------------------------------------------------------------------------
Test Case Number in Current Execution: 30 / 41
Test Case Name: suites.productLine.ProductLineTests.get_projects
Test Case Groups: [regression, PRO_REGRESSION, PRO_PRODUCT_PORTFOLIO]
--------------------------------------------------------------------------------

03 Aug 2026 21:02:51,615 MainUtils: GET https://accelerate-qa.calibo.com/elab/portfolios/getProjects
03 Aug 2026 21:02:51,615 MainUtils: Response Status => HTTP/1.1 200 
03 Aug 2026 21:02:51,616 MainUtils: Response Header: X-Traceid => 6a70b4a2539c6077d95a840746a236ff
03 Aug 2026 21:02:51,625 MainUtils: 
 Response Body => [
    {
        "portfolioId": "033ad176-7a8c-4fca-8d38-8f1899af79eb",
        "portfolioTitle": "CaliboE2E"
    },
    {
        "portfolioId": "10e83f9c-76b4-47cc-ad92-034a7545046e",
        "portfolioTitle": "ApicollectionPorfolito4"
    },
    {
        "portfolioId": "1dc829b6-f602-482c-a143-7b503e9b8e32",
        "portfolioTitle": "dsfad"
    },
    {
        "portfolioId": "26507797-acaf-41c4-ba54-daa27cb6c09e",
        "portfolioTitle": "sds"
    },
    {
        "portfolioId": "2b89f6c0-a3b5-491e-83c6-33fe5be5724c",
        "portfolioTitle": "ApicollectionPorfolito3",
        "projects": [
            {
                "projectId": "b99f2955-29c1-4963-b607-582cfc282334",
                "projectTitle": "ApicollectionProdcut4"
            }
        ]
    },
    {
        "portfolioId": "30f7227f-c202-4896-be51-21ad25f2f7df",
        "portfolioTitle": "PL_Auto_0khyXm edit"
    },
    {
        "portfolioId": "315b7cb7-b16d-496f-82e7-67a8392f060f",
        "portfolioTitle": "PF_Collab_Test",
        "projects": [
            {
                "projectId": "216ea9a3-ae8d-427a-9fb7-294dab5c9fa8",
                "projectTitle": "Collab Product 2"
            },
            {
                "projectId": "3530705d-5ffb-491e-93ca-68f69bf07499",
                "projectTitle": "Operationalize product test"
            },
            {
                "projectId": "75b02a29-986b-4ff6-924b-d8da9ce6c0d0",
                "projectTitle": "Collab_Product"
            }
        ]
    },
    {
        "portfolioId": "356a24f2-2413-4da0-b50a-834573bf8050",
        "portfolioTitle": "ApicollectionPorfolito2",
        "projects": [
            {
                "projectId": "04f0f4d2-6415-4207-a94e-0e7e4599f565",
                "projectTitle": "sdd"
            }
        ]
    },
    {
        "portfolioId": "4712967e-a080-43f7-a01c-9dea397617fa",
        "portfolioTitle": "TestPortfollio",
        "projects": [
            {
                "projectId": "f3b4ca1f-a7c0-4e62-a8af-43ed7b3e2ece",
                "projectTitle": "DeployTechStack"
            },
            {
                "projectId": "fea3aa56-ba48-48f5-b257-d5e889270b02",
                "projectTitle": "TechDeploy"
            }
        ]
    },
    {
        "portfolioId": "50042a39-b995-4e84-ac93-570a05d4c960",
        "portfolioTitle": "zczcc"
    },
    {
        "portfolioId": "526101df-baea-4932-afde-b9bd9a09ee8d",
        "portfolioTitle": "test29"
    },
    {
        "portfolioId": "5a8a0e72-8a3c-4702-8bcc-7b58fcf117be",
        "portfolioTitle": "Calibo Flight Test",
        "projects": [
            {
                "projectId": "35d742a0-674e-4512-b5a7-3fe649cc48c7",
                "projectTitle": "Define collab"
            },
            {
                "projectId": "65867d13-18df-4290-9ae3-d5244a945479",
                "projectTitle": "Calibo Flight First Product"
            },
            {
                "projectId": "712ba9fb-cf10-4ed7-9423-844b7a1fd00a",
                "projectTitle": "dvvcdf"
            },
            {
                "projectId": "af4cb6cf-2872-4b01-9ec8-0e37d2a8b73e",
                "projectTitle": "Flight test 2"
            },
            {
                "projectId": "be38ac6d-d87e-4f4f-8e95-1806a6d7b1b7",
                "projectTitle": "fl3"
            }
        ]
    },
    {
        "portfolioId": "6b6c1fe7-e0e7-47b8-bf75-14f8fb7eb3da",
        "portfolioTitle": "DefaultAutomationPL",
        "projects": [
            {
                "projectId": "00443439-c327-4f04-b60b-cbac7f48c5bc",
                "projectTitle": "testsss"
            },
            {
                "projectId": "0056b41b-f07e-4d67-8e25-f0d0cbaa19e4",
                "projectTitle": "Auto_Proj_DevStage_9niy"
            },
            {
                "projectId": "01ecc914-0b69-47c4-84dc-9612f81dd113",
                "projectTitle": "Ktest34"
            },
            {
                "projectId": "047f43f2-fb51-452e-ae34-8ff93fb13dd8",
                "projectTitle": "Auto_Proj_PipelineChainingStopPipelineOnSuccess_J1Z3o1"
            },
            {
                "projectId": "055d48ac-6114-41b1-a582-4687d0642597",
                "projectTitle": "Auto_Proj_DpMySqlLocalCatDbADLPar_aKbKvG"
            },
            {
                "projectId": "05bc0b61-f0ea-4c0d-91f2-9c99f8fa75eb",
                "projectTitle": "TEST"
            },
            {
                "projectId": "0905b8c9-030f-44ab-94f6-54f3121ad062",
                "projectTitle": "Auto_Proj_DpFtpDbSFAppend_H07VaE"
            },
            {
                "projectId": "0a665460-504f-416e-ba6f-75db0677f7f7",
                "projectTitle": "Auto_Proj_S3SFSFBulkIngestComma_11lj45"
            },
            {
                "projectId": "0ad20ff5-4944-4789-ac12-4a5db2829cb4",
                "projectTitle": "Auto_Proj_PipelineChainingRunPipelineOnCompletion_IjD2FK"
            },
            {
                "projectId": "0b3455ce-b89f-4565-85c6-974c687de833",
                "projectTitle": "Auto_Proj_PipelineChainingStopPipelineOnSuccess_buEMGg"
            },
            {
                "projectId": "12f6cf07-1d1c-46cd-8847-ce98e7a3e353",
                "projectTitle": "Auto_Proj_DataIngestion_3e5ab8"
            },
            {
                "projectId": "14ec8d3b-e892-4b35-915d-8c114402b2a8",
                "projectTitle": "Auto_Proj_DataIngestion_e450dc"
            },
            {
                "projectId": "1894b337-a14b-4ba1-8568-794f4f1d47d1",
                "projectTitle": "Auto_Proj_dataCrawCatFilters_lXJRM8"
            },
            {
                "projectId": "1a240276-ddb5-4e5d-9a07-fbb152af1d9f",
                "projectTitle": "Auto_Proj_dataCrawCatSFTP_BM8HdI"
            },
            {
                "projectId": "1a2889ea-4c76-4fa6-b504-245f290b2bb0",
                "projectTitle": "Auto_Proj_dataCrawCatPostgreSql_BM8HdI"
            },
            {
                "projectId": "1d36e9a5-88a4-43be-8281-d450d3addd33",
                "projectTitle": "Auto_Proj_dataCrawCatRest_BM8HdI"
            },
            {
                "projectId": "21b8bb66-4683-4241-a389-320167193b53",
                "projectTitle": "Auto_Proj_DataIngestion_1c828c"
            },
            {
                "projectId": "24d90a0a-10c4-4e1c-8a5d-1bf3d38236ea",
                "projectTitle": "Auto_Proj_S3SFSFBulkIngestComma_m6FO2q"
            },
            {
                "projectId": "276bc5db-7fc4-44ca-a632-b25f02ca96ba",
                "projectTitle": "Auto_Proj_PipelineChainingStopPipelineOnStart1_unAWY4"
            },
            {
                "projectId": "289f8e78-ac35-46bb-8291-814388ec5d8c",
                "projectTitle": "Auto_Proj_PipelineChainingStopPipelineOnStart1_KL5B1J"
            },
            {
                "projectId": "28ee3e4e-c521-4710-8216-60bf857f57f6",
                "projectTitle": "Ktest23"
            },
            {
                "projectId": "2949a033-27ff-49ec-b1f7-c05f7af0ee44",
                "projectTitle": "Auto_Proj_S3PqDbS3PqProfAllHN_RR2C90"
            },
            {
                "projectId": "2d915782-7450-4364-bfdf-e46e08daefe4",
                "projectTitle": "Auto_Proj_DpParquetLocCatDbADLPar_JQaKwt"
            },
            {
                "projectId": "2e844455-c1d6-449e-8112-f16aa85fbf67",
                "projectTitle": "Auto_Proj_PipelineChainingRunPipelineOnSuccess_IjD2FK"
            },
            {
                "projectId": "2ed2a326-32f6-4192-b93f-b8f5d4393de6",
                "projectTitle": "Auto_Proj_S3SFSFBulkIngestComma_4OAXoA"
            },
            {
                "projectId": "36481d13-4a49-4a65-8462-5d53903b1c34",
                "projectTitle": "Auto_Proj_S3SFBulkIngestSFJson_1n8H4T"
            },
            {
                "projectId": "369bed62-3a81-4776-a1ff-196ddc6f8fd8",
                "projectTitle": "Auto_Proj_S3SFBulkIngestSFNullIf_nmDtWu"
            },
            {
                "projectId": "3973a58b-2e12-42c4-ae2a-2b5e27ecda1d",
                "projectTitle": "Auto_Proj_KanbanTest_Ijl1q5"
            },
            {
                "projectId": "3aa06ace-1fbd-41b7-87b7-19e1c9d772ed",
                "projectTitle": "Auto_Proj_CsvGlobalCatPipeHeadDbADLPar_JQaKwt"
            },
            {
                "projectId": "3d43d860-f3da-4e88-86db-6ce2b7fdf3ec",
                "projectTitle": "Auto_Proj_S3SFSFBulkIngestComma_fAqfNa"
            },
            {
                "projectId": "3d461404-f14a-4613-a2f7-e6d2c4e679e9",
                "projectTitle": "Auto_Proj_PipelineChainingStopPipelineOnStart_KL5B1J"
            },
            {
                "projectId": "3f577b12-2587-4f95-8c33-ac1037c830af",
                "projectTitle": "Auto_Proj_S3SFBulkIngestSFPipe_JqBuQw"
            },
            {
                "projectId": "40195764-3307-4bca-be0c-302568cd1ecb",
                "projectTitle": "Auto_Proj_S3SFSFBulkIngestMulCSVComma_f4yeKV"
            },
            {
                "projectId": "41866e32-039d-4b01-96c9-388b942a385f",
                "projectTitle": "TestProduct"
            },
            {
                "projectId": "42945536-84b6-4eb9-af94-f06bc2b5e3ee",
                "projectTitle": "Auto_Proj_S3SFSFBulkIngestComma_5G9h7W"
            },
            {
                "projectId": "448ab790-face-4721-b15d-dd6d0f164c3e",
                "projectTitle": "Auto_Proj_S3SFSFBulkIngestComma_xopuIN"
            },
            {
                "projectId": "492f2a86-c3fd-4cf0-ae76-d1d2a520623c",
                "projectTitle": "Auto_Proj_DevStage_ejbr"
            },
            {
                "projectId": "49a0d4f9-37b1-468b-97a7-3bbfd5f35766",
                "projectTitle": "Auto_Proj_DevStage_4a4l"
            },
            {
                "projectId": "4b2039cc-733c-4fb6-82f7-ca7a3d9833c7",
                "projectTitle": "Auto_Proj_dataCrawCatFTP_BM8HdI"
            },
            {
                "projectId": "51d79d68-8348-4df0-8f37-623379555cb0",
                "projectTitle": "Auto_Proj_S3SFSFBulkIngestMulCSVComma_OX9J1E"
            },
            {
                "projectId": "5d1b849a-f156-4d0c-a6f0-cd94fe37a094",
                "projectTitle": "Auto_Proj_dataCrawCatOracle_BM8HdI"
            },
            {
                "projectId": "5e81e403-06e4-40b0-b73d-02e533f29088",
                "projectTitle": "Auto_Proj_dataCrawCatAwsS3_BM8HdI"
            },
            {
                "projectId": "5f03e21d-4e0e-4080-a0d4-a1a5b26b8888",
                "projectTitle": "Auto_Proj_DevStage_fom4"
            },
            {
                "projectId": "5fb18f0f-0daf-4f3e-aa6f-aa1575afb918",
                "projectTitle": "Auto_Proj_AwsGitlabKubJenSonarJfTestsTwo_MYwBfR"
            },
            {
                "projectId": "60c927bb-f1a2-4cc5-bd90-335798a13f99",
                "projectTitle": "Auto_Proj_S3SFSFBulkIngestComma_jPHpJr"
            },
            {
                "projectId": "6100170f-3fb8-4076-b2b0-6b167479f247",
                "projectTitle": "OPTOne"
            },
            {
                "projectId": "624832c7-0d3b-4c92-99dd-19702beb980c",
                "projectTitle": "Auto_Proj_dataCrawCatExc_BM8HdI"
            },
            {
                "projectId": "62d5ad2f-afef-4c78-ae1a-0c6011e806c9",
                "projectTitle": "Auto_Proj_PipelineChainingRunPipelineOnFailure_IjD2FK"
            },
            {
                "projectId": "64575198-5c28-4487-97e8-372d1a6de172",
                "projectTitle": "Auto_Proj_PipelineChainingStopPipelineOnStart_J1Z3o1"
            },
            {
                "projectId": "66935a94-c357-434f-a7bc-3fa1be8884de",
                "projectTitle": "Auto_Proj_DevStage_5k93"
            },
            {
                "projectId": "6b3c3a29-bcbe-462d-9306-8729983262bc",
                "projectTitle": "Auto_Proj_S3ParDelDbS3PqProfAllHN_t6gbS0"
            },
            {
                "projectId": "6c82fcee-f827-4713-b74d-8521c1f5625f",
                "projectTitle": "Auto_Proj_DataIngestion_a857db"
            },
            {
                "projectId": "6cfa6741-bb09-4556-9210-412471c6d837",
                "projectTitle": "Auto_Proj_S3SFBulkIngestSFJson_bUq55b"
            },
            {
                "projectId": "6e1b075e-8747-4cfd-a7fa-1b34d3f28f34",
                "projectTitle": "Auto_Proj_S3SFSFBulkIngestComma_Z3pMeh"
            },
            {
                "projectId": "70c82ff3-3aae-43e6-a59b-054accf3a57f",
                "projectTitle": "Auto_Proj_dataCrawCatCsv_BM8HdI"
            },
            {
                "projectId": "713706af-db06-40f3-8d5d-4da1403cf8f7",
                "projectTitle": "Auto_Proj_DataIngestion_90bda4"
            },
            {
                "projectId": "73a8f423-622e-45fd-ba3f-5b7508c353cf",
                "projectTitle": "Project20May2026"
            },
            {
                "projectId": "74f08f4f-78e6-4f32-b158-c786a3068356",
                "projectTitle": "Auto_Proj_S3SFSFBulkIngestComma_nI8DGy"
            },
            {
                "projectId": "79ef0aac-d94a-490a-b26c-f55355c9b4e1",
                "projectTitle": "Auto_Proj_DevStage_zjhv"
            },
            {
                "projectId": "7ab983ba-5f7d-4a6a-be50-67fbb91dfc68",
                "projectTitle": "Auto_Proj_PipelineChainingStopPipelineOnSuccess_unAWY4"
            },
            {
                "projectId": "7b50aedd-f55b-46ef-926c-c11434c71683",
                "projectTitle": "Auto_Proj_PipelineChainingStopPipelineOnSuccess_KL5B1J"
            },
            {
                "projectId": "7bbf68c2-df61-4503-b164-ad966886c1c6",
                "projectTitle": "Auto_Proj_S3DtDbS3PqQaThree_BhLR9s"
            },
            {
                "projectId": "7bf3703b-56f9-4f79-862d-5e156b0626a6",
                "projectTitle": "Auto_Proj_S3SFBulkIngestSFJson_HiEstN"
            },
            {
                "projectId": "7e8a64fb-c414-43ff-b58f-c3c1bba247ae",
                "projectTitle": "DeployDemo"
            },
            {
                "projectId": "7f8106d1-ae8d-4c3c-b2a3-9810ada94dc0",
                "projectTitle": "Auto_Proj_S3SFSFBulkIngestMulCSVComma_UYsr14"
            },
            {
                "projectId": "8806c78d-0567-43da-b6ff-79bc92c99588",
                "projectTitle": "Auto_Proj_S3DtDbS3PqQaThree_CkWljh"
            },
            {
                "projectId": "8d0d44c3-79fa-467c-8550-8d0de0c9e069",
                "projectTitle": "Auto_Proj_DevStage_adru"
            },
            {
                "projectId": "8e0dfe31-2137-4d53-b9e4-1ac50c314ca8",
                "projectTitle": "Ktest32"
            },
            {
                "projectId": "8e828e9e-08d9-4974-ad9d-f1737e2b0ad9",
                "projectTitle": "Auto_Proj_S3PqDbS3PqProfAllHP_yrLK1W"
            },
            {
                "projectId": "901c3727-7d47-427b-a118-b94a527eacaa",
                "projectTitle": "Auto_Proj_PipelineChainingStopPipelineOnSuccess_IjD2FK"
            },
            {
                "projectId": "9376cd47-dd14-499e-b83f-51c8c38555e7",
                "projectTitle": "Auto_Proj_DataIngestion_53cc65"
            },
            {
                "projectId": "9568eddc-5ceb-4ccc-889a-4a61f7d5099e",
                "projectTitle": "Auto_Proj_DpParquetDbSfAppend_F61hc4"
            },
            {
                "projectId": "9744e588-26f7-42d7-8f8f-72b027dfefba",
                "projectTitle": "Auto_Proj_S3SFSFBulkIngest21_16pxvB"
            },
            {
                "projectId": "97bb1e09-a669-43a3-baaf-a1a04319cf5f",
                "projectTitle": "Auto_Proj_S3SFSFBulkIngestSFPQ_fZsLS4"
            },
            {
                "projectId": "9ab49a3a-ae64-4c45-850e-6c4641f4a22e",
                "projectTitle": "Auto_Proj_S3SFBulkIngestSFMulCSVPipe_Rmw4GI"
            },
            {
                "projectId": "9ac0ef0a-7fc2-49c6-884d-953888e28cd1",
                "projectTitle": "Auto_Proj_DataIngestion_dd73f6"
            },
            {
                "projectId": "9bea9599-d775-4fcb-bc02-48e68d9997a3",
                "projectTitle": "Auto_Proj_S3SFSFBulkIngestMulCSVComma_NNr8JJ"
            },
            {
                "projectId": "9e7b4df3-bd84-4c0e-8c3c-92e709b3889b",
                "projectTitle": "Auto_Proj_S3SFSFBulkIngestComma_newyork"
            },
            {
                "projectId": "9edd45a2-740a-4258-a650-fa56a1b21336",
                "projectTitle": "Auto_Proj_S3SFSFBulkIngestComma_dbssqew"
            },
            {
                "projectId": "9fbbe19f-a444-4466-bd48-226c9ed22479",
                "projectTitle": "Auto_Proj_ProjDocfOPe8W"
            },
            {
                "projectId": "a1461cf0-3ff8-4bb0-bd37-b745d7074d8f",
                "projectTitle": "Auto_Proj_S3SFSFBulkIngestCommaN_futadsd"
            },
            {
                "projectId": "a3fc7d88-4b08-424e-9499-8ff01ee10cdf",
                "projectTitle": "Auto_Proj_S3SFBulkIngestSFMulJson_FtboES"
            },
            {
                "projectId": "a7332034-7677-4098-8ead-e716c8079963",
                "projectTitle": "Auto_Proj_PipelineChainingStopPipelineOnStart_IjD2FK"
            },
            {
                "projectId": "a9ab6b12-f45c-47b8-842f-94180e75b9c8",
                "projectTitle": "Auto_Proj_S3SFSFBulkIngestMulCSVComma_nSB7nQ"
            },
            {
                "projectId": "abc8fbb4-bdc1-4a41-b3cb-90153e0286f3",
                "projectTitle": "Auto_Proj_S3SFSFBulkIngestComma_rBkygV"
            },
            {
                "projectId": "ae204728-dfd3-471a-ad52-e8de0289cc62",
                "projectTitle": "Ktest40"
            },
            {
                "projectId": "aef5582c-84d6-4a68-a1f4-6919ddae2371",
                "projectTitle": "Auto_Proj_DataIngestion_08b876"
            },
            {
                "projectId": "b06560f7-9d28-44eb-b112-a54729c40994",
                "projectTitle": "Auto_Proj_PipelineChainingStopPipelineOnStart1_IjD2FK"
            },
            {
                "projectId": "b3abe7de-69a9-4c62-8abc-a66b33a7c568",
                "projectTitle": "Ktest19"
            },
            {
                "projectId": "b7e676d8-60e0-411c-b808-79bfcbfe44a1",
                "projectTitle": "Auto_Proj_parquetCrCt_BM8HdI"
            },
            {
                "projectId": "b94732a9-0de5-4e13-b0f7-770b1e3b1669",
                "projectTitle": "Auto_Proj_S3SFSFBulkIngestMulCSVComma_9BKAqw"
            },
            {
                "projectId": "baf3813d-ff02-4dad-bb64-8ea09164e3b5",
                "projectTitle": "Auto_Proj_S3PqDbS3PqProfAllHP_JY8IPJ"
            },
            {
                "projectId": "bd495986-c1d7-43b0-ac91-deba408c8a6d",
                "projectTitle": "Auto_Proj_ProjDoctbOApj"
            },
            {
                "projectId": "c1f21ee3-6e91-4e2e-be79-bec7cb113d42",
                "projectTitle": "Auto_Proj_DataIngestion_d037a5"
            },
            {
                "projectId": "c4264bc7-e38d-4e34-b462-e00a10888629",
                "projectTitle": "Auto_Proj_S3SFSFBulkIngestComma_fsjjXY"
            },
            {
                "projectId": "c72ea64f-bea8-4543-b34c-abc3bb931b19",
                "projectTitle": "Auto_Proj_S3SFSFBulkIngestComma_9QHjxh"
            },
            {
                "projectId": "c9b7572f-da94-4651-80b4-a137ab1cc184",
                "projectTitle": "AutomationTesting"
            },
            {
                "projectId": "cb77c1fc-a0f1-4340-94d7-45ef51cfcd30",
                "projectTitle": "Auto_Proj_S3SFBulkIngestSFJson_8EUDTM"
            },
            {
                "projectId": "cdf05133-4e19-4247-b96b-1888d0920878",
                "projectTitle": "Auto_Proj_S3SFBulkIngestSFabc_8EUDTM"
            },
            {
                "projectId": "cf950238-14d5-4765-b1ad-b1201509c85c",
                "projectTitle": "Auto_Proj_DpCsvDbS3Overwrite_sfK12V"
            },
            {
                "projectId": "d0c6d48a-efd9-432b-b647-4fe06a4d489d",
                "projectTitle": "Auto_Proj_S3SFSFBulkIngestComma_Jks8C2"
            },
            {
                "projectId": "d414453a-c134-47f6-93f3-2ceda1108899",
                "projectTitle": "Auto_Proj_dataCrawCatMySQL_BM8HdI"
            },
            {
                "projectId": "d4fba6c0-0fe5-4a06-ac2b-9a6eab96e64e",
                "projectTitle": "Auto_Proj_ProjDocNfoFEG"
            },
            {
                "projectId": "d72d826b-da51-4773-8e68-bda0ba1d12c7",
                "projectTitle": "Auto_Proj_JavaTechAwsGitlabKubJenSonarJfTestsTwo_kCLO93"
            },
            {
                "projectId": "d7f2d64a-ac07-44e4-8026-6085e56f701f",
                "projectTitle": "Auto_Proj_dataCrawCatMsSql_BM8HdI"
            },
            {
                "projectId": "d9749272-2c4f-440f-9aa6-a9d3f05a9612",
                "projectTitle": "Auto_Proj_DataIngestion_16452e"
            },
            {
                "projectId": "d9df88cc-8bed-4f63-a266-4000c809805f",
                "projectTitle": "Auto_Proj_S3SFSFBulkIngestTab_CxswPd"
            },
            {
                "projectId": "da3311af-058f-4401-9a71-ff190ef8f1d5",
                "projectTitle": "Auto_Proj_S3SFSFBulkIngestComma_y1lKEU"
            },
            {
                "projectId": "dc598ff8-5a2f-4bbd-995b-4478c7c601db",
                "projectTitle": "Auto_Proj_PipelineChainingStopPipelineOnStart_unAWY4"
            },
            {
                "projectId": "dc62f4f3-c62f-4010-a435-d16e86d3f2f4",
                "projectTitle": "Auto_Proj_DataIngestion_70bc90"
            },
            {
                "projectId": "e0157b08-6f15-48bb-88f7-9bd36be92dfb",
                "projectTitle": "Auto_Proj_S3DtDbS3PqValSix_efrUZp"
            },
            {
                "projectId": "e3382de0-5ee5-4ba2-a37d-d73d62ce9902",
                "projectTitle": "Auto_Proj_ProjDocH9bia9"
            },
            {
                "projectId": "e844a74c-dea2-4980-9706-d337e5977b2c",
                "projectTitle": "Auto_Proj_dataCrawCatSnowflake_BM8HdI"
            },
            {
                "projectId": "eba14b9a-2d3c-4ec0-96de-b5cd70cb1e4b",
                "projectTitle": "Auto_Proj_S3SFBulkIngestSFNullIf_iKGJDn"
            },
            {
                "projectId": "edc2c973-a279-4248-ac9d-def7fde720e3",
                "projectTitle": "Auto_Proj_PipelineChainingStopPipelineOnStart1_J1Z3o1"
            },
            {
                "projectId": "eeac7013-5280-4520-8cae-438f644fd10f",
                "projectTitle": "Auto_Proj_PipelineChainingStopPipelineOnStart1_buEMGg"
            },
            {
                "projectId": "ef520297-4daf-4fb1-a39a-2a4df38e6efa",
                "projectTitle": "Auto_Proj_DataIngestion_537b4a"
            },
            {
                "projectId": "f26174f0-938d-4bee-a75c-1e94bd7b6e3e",
                "projectTitle": "Auto_Proj_DpMySqlConfDstHistIncrDbADLPar_U7BxvY"
            },
            {
                "projectId": "f2c62fa7-0095-4c33-9d4a-b6dcac675964",
                "projectTitle": "Auto_Proj_DataIngestion_5fdc09"
            },
            {
                "projectId": "f324eded-32fe-4ae8-b514-1e178fa0b274",
                "projectTitle": "TestingfailedscriptinJenkins"
            },
            {
                "projectId": "f385da1b-4f41-4c7b-94dd-8795e24995c4",
                "projectTitle": "Auto_Proj_DataIngestion_8f0207"
            },
            {
                "projectId": "f42f3d9b-f4f0-4b11-9228-16b1e60f3c06",
                "projectTitle": "Auto_Proj_S3SFSFBulkIngest21_9n7ut4"
            },
            {
                "projectId": "f60586e8-f83a-43df-bde5-d871d0de4711",
                "projectTitle": "Auto_Proj_S3DtDbS3PqAppCoDis_JrTQIq"
            },
            {
                "projectId": "f802bef3-8845-4e3d-a479-a71211a28e63",
                "projectTitle": "Auto_Proj_JavaTechAwsGitlabKubJenSonarJfTestsThree_c0bTuq"
            },
            {
                "projectId": "fa534581-4c6d-4d13-8102-db61dd08eda9",
                "projectTitle": "Auto_Proj_DataIngestion_a5b5e8"
            },
            {
                "projectId": "fb0b982e-ad8c-4e46-b75c-ba8b06571f3b",
                "projectTitle": "Auto_Proj_PipelineChainingStopPipelineOnStart_buEMGg"
            }
        ]
    },
    {
        "portfolioId": "70a62413-f3b3-41a4-befb-0d2c247c806b",
        "portfolioTitle": "ranju"
    },
    {
        "portfolioId": "894c6adb-b358-4619-9925-df385d15c1b5",
        "portfolioTitle": "testPF1"
    },
    {
        "portfolioId": "8e48281e-f0c0-494b-b2d1-993cc43655cd",
        "portfolioTitle": "UIAutomationPermanentPortfolio",
        "projects": [
            {
                "projectId": "10b7eb06-66ed-49b3-96b7-53e670f7b810",
                "projectTitle": "KiranAPITesting"
            },
            {
                "projectId": "ee0cbe46-94e5-42a5-9319-183c0bc6c77d",
                "projectTitle": "KiranUiTesting"
            }
        ]
    },
    {
        "portfolioId": "9e25b98a-aa6f-4576-805d-66f67d41a739",
        "portfolioTitle": "test",
        "projects": [
            {
                "projectId": "03cbaa9c-4cac-484e-ac0c-4bf13af97287",
                "projectTitle": "testkhush"
            },
            {
                "projectId": "148938fc-0bfa-4929-96e8-5c6591d05e1d",
                "projectTitle": "test -123"
            }
        ]
    },
    {
        "portfolioId": "a02cef5e-1ea1-4ac6-9478-c2c7dcc9ac6d",
        "portfolioTitle": "PL_Auto_RD_w8hGll"
    },
    {
        "portfolioId": "a0888cef-eb5a-487d-97db-55645a2e1d73",
        "portfolioTitle": "sx"
    },
    {
        "portfolioId": "a3a4fbcc-e93b-45e1-a379-9e41a5b39c58",
        "portfolioTitle": "PL_Optional_Auto_0khyXm",
        "projects": [
            {
                "projectId": "6cb689f8-ee62-4b9b-a5e2-b34465b6b9cf",
                "projectTitle": "ProductForPLTest0khyXm"
            }
        ]
    },
    {
        "portfolioId": "a84477c5-37c2-4c1e-8920-6220eb73babd",
        "portfolioTitle": "Automation E2E Product Portfolio",
        "projects": [
            {
                "projectId": "0c152915-1cca-465b-91dd-3a4fafdcd0d7",
                "projectTitle": "Automation E2E Product"
            }
        ]
    },
    {
        "portfolioId": "b3e92d20-83d6-4dae-93b5-d7512aaa5bab",
        "portfolioTitle": "ApicollectionPorfolito",
        "projects": [
            {
                "projectId": "356f5c88-8f56-428b-b7e4-09cc571b0578",
                "projectTitle": "sdsds"
            },
            {
                "projectId": "78dc7b57-321d-48d1-88f0-69fe7397eef6",
                "projectTitle": "ApicollectionProduct"
            },
            {
                "projectId": "abc5ce27-43c9-466f-afd4-eabc515522c2",
                "projectTitle": "apicollectionportlollio8"
            },
            {
                "projectId": "b507bd80-aaf5-4e76-a35e-c7f6821fd634",
                "projectTitle": "apicollectionportlollio9"
            }
        ]
    },
    {
        "portfolioId": "b578f82a-5aac-4a6b-ba29-248fedf0894d",
        "portfolioTitle": "testPFKhushboo",
        "projects": [
            {
                "projectId": "25ec9f90-100e-4a98-80b7-ebf56ba4c07f",
                "projectTitle": "TestProductKhushboo"
            }
        ]
    },
    {
        "portfolioId": "babb9459-7377-48b0-bf2e-0e85082544e8",
        "portfolioTitle": "PL_Auto_Validation_0khyXmEdit",
        "projects": [
            {
                "projectId": "65684cd5-6c04-44d6-a1e5-56b34af58066",
                "projectTitle": "OperationProject__NPL_0khyXm"
            }
        ]
    },
    {
        "portfolioId": "d6b2e379-1405-4c78-9b8c-d1854740c09f",
        "portfolioTitle": "Ktest41",
        "projects": [
            {
                "projectId": "219e8914-106f-45e9-bf64-66e28133c7d9",
                "projectTitle": "fdaaf"
            },
            {
                "projectId": "b121c76c-0084-492e-8a64-cc86c8dbffaf",
                "projectTitle": "Ktest41"
            }
        ]
    },
    {
        "portfolioId": "dc851d36-34f9-47ad-b94f-36c378833b04",
        "portfolioTitle": "tests"
    },
    {
        "portfolioId": "de529033-8c0b-4e3a-a0cf-5c9ebc236d6c",
        "portfolioTitle": "ds",
        "projects": [
            {
                "projectId": "26151613-e3ca-4600-b8f1-5a8cea5f3d8d",
                "projectTitle": "edws"
            }
        ]
    },
    {
        "portfolioId": "e179fab4-a4e2-487d-94b2-268022f19568",
        "portfolioTitle": "Adai-Portfolio",
        "projects": [
            {
                "projectId": "6e16f07b-0b33-4392-9e74-0938f77dda4c",
                "projectTitle": "NewProduct5"
            },
            {
                "projectId": "a0d3feb0-7f1c-4f56-8424-da61b1a47130",
                "projectTitle": "Adai-Product-1"
            },
            {
                "projectId": "cb8a6950-1ada-4540-9fba-d790a01a5a69",
                "projectTitle": "Prodcut4"
            },
            {
                "projectId": "fc60295b-5acf-40a7-949a-b0415edbdb8b",
                "projectTitle": "Data-quality-test"
            }
        ]
    },
    {
        "portfolioId": "e56719b2-37a3-4541-98c2-f62ab970e8c4",
        "portfolioTitle": "Siddeshbelura_NewProduct",
        "projects": [
            {
                "projectId": "329bc83e-065d-4fb2-bfd8-261288491013",
                "projectTitle": "DevSecOpsProdcut"
            },
            {
                "projectId": "3f10a08e-24bd-4928-acc7-e034f50f335a",
                "projectTitle": "Siddesh AI-MLProject"
            },
            {
                "projectId": "b3649d7a-43b2-4be2-8d19-071c8e6341d7",
                "projectTitle": "AndroidAutomationProject"
            }
        ]
    },
    {
        "portfolioId": "ed3ac135-c06b-43f8-a442-942b925e3a59",
        "portfolioTitle": "APiDemoPorfofilo",
        "projects": [
            {
                "projectId": "1e0e83fe-0c1d-4032-b492-6e192b7377ec",
                "projectTitle": "ApidemoProdcut3"
            },
            {
                "projectId": "be6aad01-f6c9-4928-be87-125d7a543a4e",
                "projectTitle": "ApidemoProdcut1"
            },
            {
                "projectId": "fcb0eab8-aeb4-4a00-b4dc-32e387687807",
                "projectTitle": "ApidemoProdcut2"
            }
        ]
    },
    {
        "portfolioId": "eec4e2b2-58c7-4bb1-b987-9121af32f4f2",
        "portfolioTitle": "TestPf"
    },
    {
        "portfolioId": "fbe404dc-91c2-4d99-ad0a-62290026747d",
        "portfolioTitle": "RanjuAutomation",
        "projects": [
            {
                "projectId": "0cd22af0-9242-4359-b773-277558a6cbd5",
                "projectTitle": "RanjuProd"
            },
            {
                "projectId": "0ea77b6a-36d2-4e90-9a8a-d655e5497c88",
                "projectTitle": "TestDefects"
            },
            {
                "projectId": "1e547361-4ffc-471e-823b-4d0eac8546ab",
                "projectTitle": "TESTBULKINGEST"
            },
            {
                "projectId": "37d84633-fe75-4d6b-aad9-562b38cc0bd3",
                "projectTitle": "testchain2"
            },
            {
                "projectId": "e12e4480-674c-43fe-9470-dfa1e6925391",
                "projectTitle": "DataPiplineStudio-AutomationTenent"
            }
        ]
    }
]
03 Aug 2026 21:02:51,672 TestListener: 
Suite Execution Summary: 
Passed / Failed / Skipped / Total Tests: 30 / 0 / 0 / 41

Test Case: suites.productLine.ProductLineTests.get_projects — PASSED
Execution Time: 2.69 seconds

03 Aug 2026 21:02:51,674 TestListener: 
--------------------------------------------------------------------------------
************************** Running Now **************************************
--------------------------------------------------------------------------------
Test Case Number in Current Execution: 31 / 41
Test Case Name: suites.productLine.ProductLineTests.add_jiraProject
Test Case Groups: [regression, PRO_REGRESSION, PRO_PRODUCT_PORTFOLIO]
--------------------------------------------------------------------------------

03 Aug 2026 21:02:54,053 MainUtils: Request Method => PATCH
 Request URI => https://accelerate-qa.calibo.com/elab/portfolios/30f7227f-c202-4896-be51-21ad25f2f7df
03 Aug 2026 21:02:54,054 MainUtils: Request Body => {
    "agileKey": "TDP",
    "description": "Automation Testing Product line Description edit",
    "currency": "USD",
    "stakeholders": [
        {
            "name": "API Automation",
            "roleName": "OWNER",
            "email": "api.automation@calibo.com",
            "username": "api.automation@calibo.com"
        }
    ],
    "projectIds": [
        
    ],
    "priority": "LOW",
    "strategy": "Automation Testing Strategy",
    "title": "PL_Auto_0khyXm edit",
    "value": 100
}
03 Aug 2026 21:02:54,055 MainUtils: Response Status => HTTP/1.1 200 
03 Aug 2026 21:02:54,055 MainUtils: Response Header: X-Traceid => 6a70b4a5e38d3d1e3b530b139e9b93e6
03 Aug 2026 21:02:54,056 MainUtils: 
 Response Body => {
    "id": "30f7227f-c202-4896-be51-21ad25f2f7df",
    "code": "b8a486dc-a80a-4aab-8bdc-ca80677d9a53",
    "title": "PL_Auto_0khyXm edit",
    "description": "Automation Testing Product line Description edit",
    "strategy": "Automation Testing Strategy",
    "visibility": true,
    "agileKey": "TDP",
    "priority": "LOW",
    "value": 100,
    "currency": "USD",
    "stakeholders": [
        {
            
        }
    ],
    "projects": [
        
    ],
    "createdBy": "api.automation@calibo.com",
    "name": "API Automation",
    "createdOn": "2026-08-03T15:31:53",
    "updatedOn": "2026-08-03T15:32:53.999515",
    "workflowEnabled": false,
    "workflowStatus": "NONE",
    "productWorkflowEnabled": false,
    "reworkLimitEnabled": false,
    "additionalAttributes": [
        
    ]
}
03 Aug 2026 21:02:54,064 TestListener: 
Suite Execution Summary: 
Passed / Failed / Skipped / Total Tests: 31 / 0 / 0 / 41

Test Case: suites.productLine.ProductLineTests.add_jiraProject — PASSED
Execution Time: 2.39 seconds

03 Aug 2026 21:02:54,068 TestListener: 
--------------------------------------------------------------------------------
************************** Running Now **************************************
--------------------------------------------------------------------------------
Test Case Number in Current Execution: 32 / 41
Test Case Name: suites.productLine.ProductLineTests.add_finances_to_portfolio_next_year
Test Case Groups: [regression, PRO_REGRESSION, PRO_PRODUCT_PORTFOLIO]
--------------------------------------------------------------------------------

03 Aug 2026 21:02:55,733 MainUtils: Request Method => PATCH
 Request URI => https://accelerate-qa.calibo.com/elab/portfolios/finances
03 Aug 2026 21:02:55,734 MainUtils: Request Body => {
    "portfolioId": "babb9459-7377-48b0-bf2e-0e85082544e8",
    "years": [
        {
            "revenueTarget": 200,
            "portfolioId": "babb9459-7377-48b0-bf2e-0e85082544e8",
            "year": 2026,
            "productLineSummary": [
                
            ],
            "approvedBudget": 100,
            "id": "694059b8-0d12-400a-a44c-bd51215c235c"
        },
        {
            "revenueTarget": 200,
            "portfolioId": "babb9459-7377-48b0-bf2e-0e85082544e8",
            "year": 2025,
            "productLineSummary": [
                
            ],
            "approvedBudget": 100,
            "id": "33780f90-191f-45e3-82d5-76c15c531fe8"
        },
        {
            "revenueTarget": 200,
            "portfolioId": "babb9459-7377-48b0-bf2e-0e85082544e8",
            "year": 2027,
            "productLineSummary": [
                
            ],
            "approvedBudget": 100
        }
    ]
}
03 Aug 2026 21:02:55,734 MainUtils: Response Status => HTTP/1.1 201 
03 Aug 2026 21:02:55,734 MainUtils: Response Header: X-Traceid => 6a70b4a7ca3e2b32b916e20e854b1f35
03 Aug 2026 21:02:55,735 MainUtils: 
 Response Body => {
    "years": [
        {
            "id": "694059b8-0d12-400a-a44c-bd51215c235c",
            "year": "2026",
            "yearName": "2026",
            "portfolioId": "babb9459-7377-48b0-bf2e-0e85082544e8",
            "productLineSummary": [
                
            ],
            "revenueTarget": 200,
            "approvedBudget": 100,
            "workflowStatus": "NONE",
            "workflowEnabled": false,
            "reworkLimitEnabled": false,
            "createdBy": "api.automation@calibo.com"
        },
        {
            "id": "33780f90-191f-45e3-82d5-76c15c531fe8",
            "year": "2025",
            "yearName": "2025",
            "portfolioId": "babb9459-7377-48b0-bf2e-0e85082544e8",
            "productLineSummary": [
                
            ],
            "revenueTarget": 200,
            "approvedBudget": 100,
            "workflowStatus": "NONE",
            "workflowEnabled": false,
            "reworkLimitEnabled": false,
            "createdBy": "api.automation@calibo.com"
        },
        {
            "id": "8b211d51-399c-4bfa-8271-72002c626e65",
            "year": "2027",
            "yearName": "2027",
            "portfolioId": "babb9459-7377-48b0-bf2e-0e85082544e8",
            "productLineSummary": [
                
            ],
            "revenueTarget": 200,
            "approvedBudget": 100,
            "workflowStatus": "NONE",
            "workflowEnabled": false,
            "reworkLimitEnabled": false,
            "createdBy": "api.automation@calibo.com"
        }
    ]
}
03 Aug 2026 21:02:55,782 TestListener: 
Suite Execution Summary: 
Passed / Failed / Skipped / Total Tests: 32 / 0 / 0 / 41

Test Case: suites.productLine.ProductLineTests.add_finances_to_portfolio_next_year — PASSED
Execution Time: 1.71 seconds

03 Aug 2026 21:02:55,784 TestListener: 
--------------------------------------------------------------------------------
************************** Running Now **************************************
--------------------------------------------------------------------------------
Test Case Number in Current Execution: 33 / 41
Test Case Name: suites.productLine.ProductLineTests.getPortfolioAndProducts
Test Case Groups: [regression, PRO_REGRESSION, PRO_PRODUCT_PORTFOLIO]
--------------------------------------------------------------------------------

03 Aug 2026 21:02:59,595 MainUtils: GET https://accelerate-qa.calibo.com/elab/portfolios/getPortfolioAndProducts
03 Aug 2026 21:02:59,596 MainUtils: Response Status => HTTP/1.1 200 
03 Aug 2026 21:02:59,596 MainUtils: Response Header: X-Traceid => 6a70b4a9b40db3cf106378202d312359
03 Aug 2026 21:02:59,604 MainUtils: 
 Response Body => [
    {
        "portfolioId": "033ad176-7a8c-4fca-8d38-8f1899af79eb",
        "portfolioTitle": "CaliboE2E"
    },
    {
        "portfolioId": "10e83f9c-76b4-47cc-ad92-034a7545046e",
        "portfolioTitle": "ApicollectionPorfolito4"
    },
    {
        "portfolioId": "1dc829b6-f602-482c-a143-7b503e9b8e32",
        "portfolioTitle": "dsfad"
    },
    {
        "portfolioId": "26507797-acaf-41c4-ba54-daa27cb6c09e",
        "portfolioTitle": "sds"
    },
    {
        "portfolioId": "2b89f6c0-a3b5-491e-83c6-33fe5be5724c",
        "portfolioTitle": "ApicollectionPorfolito3",
        "projects": [
            {
                "projectId": "b99f2955-29c1-4963-b607-582cfc282334",
                "projectTitle": "ApicollectionProdcut4",
                "customerSegments": [
                    
                ]
            }
        ]
    },
    {
        "portfolioId": "30f7227f-c202-4896-be51-21ad25f2f7df",
        "portfolioTitle": "PL_Auto_0khyXm edit"
    },
    {
        "portfolioId": "315b7cb7-b16d-496f-82e7-67a8392f060f",
        "portfolioTitle": "PF_Collab_Test",
        "projects": [
            {
                "projectId": "216ea9a3-ae8d-427a-9fb7-294dab5c9fa8",
                "projectTitle": "Collab Product 2",
                "customerSegments": [
                    "59119a4b-b87f-4312-9be9-0f76d0ade144"
                ]
            },
            {
                "projectId": "3530705d-5ffb-491e-93ca-68f69bf07499",
                "projectTitle": "Operationalize product test",
                "customerSegments": [
                    
                ]
            },
            {
                "projectId": "75b02a29-986b-4ff6-924b-d8da9ce6c0d0",
                "projectTitle": "Collab_Product",
                "customerSegments": [
                    
                ]
            }
        ]
    },
    {
        "portfolioId": "356a24f2-2413-4da0-b50a-834573bf8050",
        "portfolioTitle": "ApicollectionPorfolito2",
        "projects": [
            {
                "projectId": "04f0f4d2-6415-4207-a94e-0e7e4599f565",
                "projectTitle": "sdd",
                "customerSegments": [
                    
                ]
            }
        ]
    },
    {
        "portfolioId": "4712967e-a080-43f7-a01c-9dea397617fa",
        "portfolioTitle": "TestPortfollio",
        "projects": [
            {
                "projectId": "f3b4ca1f-a7c0-4e62-a8af-43ed7b3e2ece",
                "projectTitle": "DeployTechStack",
                "customerSegments": [
                    
                ]
            },
            {
                "projectId": "fea3aa56-ba48-48f5-b257-d5e889270b02",
                "projectTitle": "TechDeploy",
                "customerSegments": [
                    
                ]
            }
        ]
    },
    {
        "portfolioId": "50042a39-b995-4e84-ac93-570a05d4c960",
        "portfolioTitle": "zczcc"
    },
    {
        "portfolioId": "526101df-baea-4932-afde-b9bd9a09ee8d",
        "portfolioTitle": "test29"
    },
    {
        "portfolioId": "5a8a0e72-8a3c-4702-8bcc-7b58fcf117be",
        "portfolioTitle": "Calibo Flight Test",
        "projects": [
            {
                "projectId": "35d742a0-674e-4512-b5a7-3fe649cc48c7",
                "projectTitle": "Define collab",
                "customerSegments": [
                    
                ]
            },
            {
                "projectId": "65867d13-18df-4290-9ae3-d5244a945479",
                "projectTitle": "Calibo Flight First Product",
                "customerSegments": [
                    
                ]
            },
            {
                "projectId": "712ba9fb-cf10-4ed7-9423-844b7a1fd00a",
                "projectTitle": "dvvcdf",
                "customerSegments": [
                    
                ]
            },
            {
                "projectId": "af4cb6cf-2872-4b01-9ec8-0e37d2a8b73e",
                "projectTitle": "Flight test 2",
                "customerSegments": [
                    
                ]
            },
            {
                "projectId": "be38ac6d-d87e-4f4f-8e95-1806a6d7b1b7",
                "projectTitle": "fl3",
                "customerSegments": [
                    
                ]
            }
        ]
    },
    {
        "portfolioId": "6b6c1fe7-e0e7-47b8-bf75-14f8fb7eb3da",
        "portfolioTitle": "DefaultAutomationPL",
        "projects": [
            {
                "projectId": "00443439-c327-4f04-b60b-cbac7f48c5bc",
                "projectTitle": "testsss",
                "customerSegments": [
                    
                ]
            },
            {
                "projectId": "0056b41b-f07e-4d67-8e25-f0d0cbaa19e4",
                "projectTitle": "Auto_Proj_DevStage_9niy",
                "customerSegments": [
                    "59119a4b-b87f-4312-9be9-0f76d0ade144"
                ]
            },
            {
                "projectId": "01ecc914-0b69-47c4-84dc-9612f81dd113",
                "projectTitle": "Ktest34",
                "customerSegments": [
                    
                ]
            },
            {
                "projectId": "047f43f2-fb51-452e-ae34-8ff93fb13dd8",
                "projectTitle": "Auto_Proj_PipelineChainingStopPipelineOnSuccess_J1Z3o1",
                "customerSegments": [
                    "59119a4b-b87f-4312-9be9-0f76d0ade144"
                ]
            },
            {
                "projectId": "055d48ac-6114-41b1-a582-4687d0642597",
                "projectTitle": "Auto_Proj_DpMySqlLocalCatDbADLPar_aKbKvG",
                "customerSegments": [
                    "59119a4b-b87f-4312-9be9-0f76d0ade144"
                ]
            },
            {
                "projectId": "05bc0b61-f0ea-4c0d-91f2-9c99f8fa75eb",
                "projectTitle": "TEST",
                "customerSegments": [
                    
                ]
            },
            {
                "projectId": "0905b8c9-030f-44ab-94f6-54f3121ad062",
                "projectTitle": "Auto_Proj_DpFtpDbSFAppend_H07VaE",
                "customerSegments": [
                    "59119a4b-b87f-4312-9be9-0f76d0ade144"
                ]
            },
            {
                "projectId": "0a665460-504f-416e-ba6f-75db0677f7f7",
                "projectTitle": "Auto_Proj_S3SFSFBulkIngestComma_11lj45",
                "customerSegments": [
                    "59119a4b-b87f-4312-9be9-0f76d0ade144"
                ]
            },
            {
                "projectId": "0ad20ff5-4944-4789-ac12-4a5db2829cb4",
                "projectTitle": "Auto_Proj_PipelineChainingRunPipelineOnCompletion_IjD2FK",
                "customerSegments": [
                    "59119a4b-b87f-4312-9be9-0f76d0ade144"
                ]
            },
            {
                "projectId": "0b3455ce-b89f-4565-85c6-974c687de833",
                "projectTitle": "Auto_Proj_PipelineChainingStopPipelineOnSuccess_buEMGg",
                "customerSegments": [
                    "59119a4b-b87f-4312-9be9-0f76d0ade144"
                ]
            },
            {
                "projectId": "12f6cf07-1d1c-46cd-8847-ce98e7a3e353",
                "projectTitle": "Auto_Proj_DataIngestion_3e5ab8",
                "customerSegments": [
                    "59119a4b-b87f-4312-9be9-0f76d0ade144"
                ]
            },
            {
                "projectId": "14ec8d3b-e892-4b35-915d-8c114402b2a8",
                "projectTitle": "Auto_Proj_DataIngestion_e450dc",
                "customerSegments": [
                    "59119a4b-b87f-4312-9be9-0f76d0ade144"
                ]
            },
            {
                "projectId": "1894b337-a14b-4ba1-8568-794f4f1d47d1",
                "projectTitle": "Auto_Proj_dataCrawCatFilters_lXJRM8",
                "customerSegments": [
                    "59119a4b-b87f-4312-9be9-0f76d0ade144"
                ]
            },
            {
                "projectId": "1a240276-ddb5-4e5d-9a07-fbb152af1d9f",
                "projectTitle": "Auto_Proj_dataCrawCatSFTP_BM8HdI",
                "customerSegments": [
                    "59119a4b-b87f-4312-9be9-0f76d0ade144"
                ]
            },
            {
                "projectId": "1a2889ea-4c76-4fa6-b504-245f290b2bb0",
                "projectTitle": "Auto_Proj_dataCrawCatPostgreSql_BM8HdI",
                "customerSegments": [
                    "59119a4b-b87f-4312-9be9-0f76d0ade144"
                ]
            },
            {
                "projectId": "1d36e9a5-88a4-43be-8281-d450d3addd33",
                "projectTitle": "Auto_Proj_dataCrawCatRest_BM8HdI",
                "customerSegments": [
                    "59119a4b-b87f-4312-9be9-0f76d0ade144"
                ]
            },
            {
                "projectId": "21b8bb66-4683-4241-a389-320167193b53",
                "projectTitle": "Auto_Proj_DataIngestion_1c828c",
                "customerSegments": [
                    "59119a4b-b87f-4312-9be9-0f76d0ade144"
                ]
            },
            {
                "projectId": "24d90a0a-10c4-4e1c-8a5d-1bf3d38236ea",
                "projectTitle": "Auto_Proj_S3SFSFBulkIngestComma_m6FO2q",
                "customerSegments": [
                    "59119a4b-b87f-4312-9be9-0f76d0ade144"
                ]
            },
            {
                "projectId": "276bc5db-7fc4-44ca-a632-b25f02ca96ba",
                "projectTitle": "Auto_Proj_PipelineChainingStopPipelineOnStart1_unAWY4",
                "customerSegments": [
                    "59119a4b-b87f-4312-9be9-0f76d0ade144"
                ]
            },
            {
                "projectId": "289f8e78-ac35-46bb-8291-814388ec5d8c",
                "projectTitle": "Auto_Proj_PipelineChainingStopPipelineOnStart1_KL5B1J",
                "customerSegments": [
                    "59119a4b-b87f-4312-9be9-0f76d0ade144"
                ]
            },
            {
                "projectId": "28ee3e4e-c521-4710-8216-60bf857f57f6",
                "projectTitle": "Ktest23",
                "customerSegments": [
                    
                ]
            },
            {
                "projectId": "2949a033-27ff-49ec-b1f7-c05f7af0ee44",
                "projectTitle": "Auto_Proj_S3PqDbS3PqProfAllHN_RR2C90",
                "customerSegments": [
                    "59119a4b-b87f-4312-9be9-0f76d0ade144"
                ]
            },
            {
                "projectId": "2d915782-7450-4364-bfdf-e46e08daefe4",
                "projectTitle": "Auto_Proj_DpParquetLocCatDbADLPar_JQaKwt",
                "customerSegments": [
                    "59119a4b-b87f-4312-9be9-0f76d0ade144"
                ]
            },
            {
                "projectId": "2e844455-c1d6-449e-8112-f16aa85fbf67",
                "projectTitle": "Auto_Proj_PipelineChainingRunPipelineOnSuccess_IjD2FK",
                "customerSegments": [
                    "59119a4b-b87f-4312-9be9-0f76d0ade144"
                ]
            },
            {
                "projectId": "2ed2a326-32f6-4192-b93f-b8f5d4393de6",
                "projectTitle": "Auto_Proj_S3SFSFBulkIngestComma_4OAXoA",
                "customerSegments": [
                    "59119a4b-b87f-4312-9be9-0f76d0ade144"
                ]
            },
            {
                "projectId": "36481d13-4a49-4a65-8462-5d53903b1c34",
                "projectTitle": "Auto_Proj_S3SFBulkIngestSFJson_1n8H4T",
                "customerSegments": [
                    "59119a4b-b87f-4312-9be9-0f76d0ade144"
                ]
            },
            {
                "projectId": "369bed62-3a81-4776-a1ff-196ddc6f8fd8",
                "projectTitle": "Auto_Proj_S3SFBulkIngestSFNullIf_nmDtWu",
                "customerSegments": [
                    "59119a4b-b87f-4312-9be9-0f76d0ade144"
                ]
            },
            {
                "projectId": "3973a58b-2e12-42c4-ae2a-2b5e27ecda1d",
                "projectTitle": "Auto_Proj_KanbanTest_Ijl1q5",
                "customerSegments": [
                    "59119a4b-b87f-4312-9be9-0f76d0ade144"
                ]
            },
            {
                "projectId": "3aa06ace-1fbd-41b7-87b7-19e1c9d772ed",
                "projectTitle": "Auto_Proj_CsvGlobalCatPipeHeadDbADLPar_JQaKwt",
                "customerSegments": [
                    "59119a4b-b87f-4312-9be9-0f76d0ade144"
                ]
            },
            {
                "projectId": "3d43d860-f3da-4e88-86db-6ce2b7fdf3ec",
                "projectTitle": "Auto_Proj_S3SFSFBulkIngestComma_fAqfNa",
                "customerSegments": [
                    "59119a4b-b87f-4312-9be9-0f76d0ade144"
                ]
            },
            {
                "projectId": "3d461404-f14a-4613-a2f7-e6d2c4e679e9",
                "projectTitle": "Auto_Proj_PipelineChainingStopPipelineOnStart_KL5B1J",
                "customerSegments": [
                    "59119a4b-b87f-4312-9be9-0f76d0ade144"
                ]
            },
            {
                "projectId": "3f577b12-2587-4f95-8c33-ac1037c830af",
                "projectTitle": "Auto_Proj_S3SFBulkIngestSFPipe_JqBuQw",
                "customerSegments": [
                    "59119a4b-b87f-4312-9be9-0f76d0ade144"
                ]
            },
            {
                "projectId": "40195764-3307-4bca-be0c-302568cd1ecb",
                "projectTitle": "Auto_Proj_S3SFSFBulkIngestMulCSVComma_f4yeKV",
                "customerSegments": [
                    "59119a4b-b87f-4312-9be9-0f76d0ade144"
                ]
            },
            {
                "projectId": "41866e32-039d-4b01-96c9-388b942a385f",
                "projectTitle": "TestProduct",
                "customerSegments": [
                    
                ]
            },
            {
                "projectId": "42945536-84b6-4eb9-af94-f06bc2b5e3ee",
                "projectTitle": "Auto_Proj_S3SFSFBulkIngestComma_5G9h7W",
                "customerSegments": [
                    "59119a4b-b87f-4312-9be9-0f76d0ade144"
                ]
            },
            {
                "projectId": "448ab790-face-4721-b15d-dd6d0f164c3e",
                "projectTitle": "Auto_Proj_S3SFSFBulkIngestComma_xopuIN",
                "customerSegments": [
                    "59119a4b-b87f-4312-9be9-0f76d0ade144"
                ]
            },
            {
                "projectId": "492f2a86-c3fd-4cf0-ae76-d1d2a520623c",
                "projectTitle": "Auto_Proj_DevStage_ejbr",
                "customerSegments": [
                    "59119a4b-b87f-4312-9be9-0f76d0ade144"
                ]
            },
            {
                "projectId": "49a0d4f9-37b1-468b-97a7-3bbfd5f35766",
                "projectTitle": "Auto_Proj_DevStage_4a4l",
                "customerSegments": [
                    "59119a4b-b87f-4312-9be9-0f76d0ade144"
                ]
            },
            {
                "projectId": "4b2039cc-733c-4fb6-82f7-ca7a3d9833c7",
                "projectTitle": "Auto_Proj_dataCrawCatFTP_BM8HdI",
                "customerSegments": [
                    "59119a4b-b87f-4312-9be9-0f76d0ade144"
                ]
            },
            {
                "projectId": "51d79d68-8348-4df0-8f37-623379555cb0",
                "projectTitle": "Auto_Proj_S3SFSFBulkIngestMulCSVComma_OX9J1E",
                "customerSegments": [
                    "59119a4b-b87f-4312-9be9-0f76d0ade144"
                ]
            },
            {
                "projectId": "5d1b849a-f156-4d0c-a6f0-cd94fe37a094",
                "projectTitle": "Auto_Proj_dataCrawCatOracle_BM8HdI",
                "customerSegments": [
                    "59119a4b-b87f-4312-9be9-0f76d0ade144"
                ]
            },
            {
                "projectId": "5e81e403-06e4-40b0-b73d-02e533f29088",
                "projectTitle": "Auto_Proj_dataCrawCatAwsS3_BM8HdI",
                "customerSegments": [
                    "59119a4b-b87f-4312-9be9-0f76d0ade144"
                ]
            },
            {
                "projectId": "5f03e21d-4e0e-4080-a0d4-a1a5b26b8888",
                "projectTitle": "Auto_Proj_DevStage_fom4",
                "customerSegments": [
                    "59119a4b-b87f-4312-9be9-0f76d0ade144"
                ]
            },
            {
                "projectId": "5fb18f0f-0daf-4f3e-aa6f-aa1575afb918",
                "projectTitle": "Auto_Proj_AwsGitlabKubJenSonarJfTestsTwo_MYwBfR",
                "customerSegments": [
                    "59119a4b-b87f-4312-9be9-0f76d0ade144"
                ]
            },
            {
                "projectId": "60c927bb-f1a2-4cc5-bd90-335798a13f99",
                "projectTitle": "Auto_Proj_S3SFSFBulkIngestComma_jPHpJr",
                "customerSegments": [
                    "59119a4b-b87f-4312-9be9-0f76d0ade144"
                ]
            },
            {
                "projectId": "6100170f-3fb8-4076-b2b0-6b167479f247",
                "projectTitle": "OPTOne",
                "customerSegments": [
                    
                ]
            },
            {
                "projectId": "624832c7-0d3b-4c92-99dd-19702beb980c",
                "projectTitle": "Auto_Proj_dataCrawCatExc_BM8HdI",
                "customerSegments": [
                    "59119a4b-b87f-4312-9be9-0f76d0ade144"
                ]
            },
            {
                "projectId": "62d5ad2f-afef-4c78-ae1a-0c6011e806c9",
                "projectTitle": "Auto_Proj_PipelineChainingRunPipelineOnFailure_IjD2FK",
                "customerSegments": [
                    "59119a4b-b87f-4312-9be9-0f76d0ade144"
                ]
            },
            {
                "projectId": "64575198-5c28-4487-97e8-372d1a6de172",
                "projectTitle": "Auto_Proj_PipelineChainingStopPipelineOnStart_J1Z3o1",
                "customerSegments": [
                    "59119a4b-b87f-4312-9be9-0f76d0ade144"
                ]
            },
            {
                "projectId": "66935a94-c357-434f-a7bc-3fa1be8884de",
                "projectTitle": "Auto_Proj_DevStage_5k93",
                "customerSegments": [
                    "59119a4b-b87f-4312-9be9-0f76d0ade144"
                ]
            },
            {
                "projectId": "6b3c3a29-bcbe-462d-9306-8729983262bc",
                "projectTitle": "Auto_Proj_S3ParDelDbS3PqProfAllHN_t6gbS0",
                "customerSegments": [
                    "59119a4b-b87f-4312-9be9-0f76d0ade144"
                ]
            },
            {
                "projectId": "6c82fcee-f827-4713-b74d-8521c1f5625f",
                "projectTitle": "Auto_Proj_DataIngestion_a857db",
                "customerSegments": [
                    "59119a4b-b87f-4312-9be9-0f76d0ade144"
                ]
            },
            {
                "projectId": "6cfa6741-bb09-4556-9210-412471c6d837",
                "projectTitle": "Auto_Proj_S3SFBulkIngestSFJson_bUq55b",
                "customerSegments": [
                    "59119a4b-b87f-4312-9be9-0f76d0ade144"
                ]
            },
            {
                "projectId": "6e1b075e-8747-4cfd-a7fa-1b34d3f28f34",
                "projectTitle": "Auto_Proj_S3SFSFBulkIngestComma_Z3pMeh",
                "customerSegments": [
                    "59119a4b-b87f-4312-9be9-0f76d0ade144"
                ]
            },
            {
                "projectId": "70c82ff3-3aae-43e6-a59b-054accf3a57f",
                "projectTitle": "Auto_Proj_dataCrawCatCsv_BM8HdI",
                "customerSegments": [
                    "59119a4b-b87f-4312-9be9-0f76d0ade144"
                ]
            },
            {
                "projectId": "713706af-db06-40f3-8d5d-4da1403cf8f7",
                "projectTitle": "Auto_Proj_DataIngestion_90bda4",
                "customerSegments": [
                    "59119a4b-b87f-4312-9be9-0f76d0ade144"
                ]
            },
            {
                "projectId": "73a8f423-622e-45fd-ba3f-5b7508c353cf",
                "projectTitle": "Project20May2026",
                "customerSegments": [
                    "59119a4b-b87f-4312-9be9-0f76d0ade144"
                ]
            },
            {
                "projectId": "74f08f4f-78e6-4f32-b158-c786a3068356",
                "projectTitle": "Auto_Proj_S3SFSFBulkIngestComma_nI8DGy",
                "customerSegments": [
                    "59119a4b-b87f-4312-9be9-0f76d0ade144"
                ]
            },
            {
                "projectId": "79ef0aac-d94a-490a-b26c-f55355c9b4e1",
                "projectTitle": "Auto_Proj_DevStage_zjhv",
                "customerSegments": [
                    "59119a4b-b87f-4312-9be9-0f76d0ade144"
                ]
            },
            {
                "projectId": "7ab983ba-5f7d-4a6a-be50-67fbb91dfc68",
                "projectTitle": "Auto_Proj_PipelineChainingStopPipelineOnSuccess_unAWY4",
                "customerSegments": [
                    "59119a4b-b87f-4312-9be9-0f76d0ade144"
                ]
            },
            {
                "projectId": "7b50aedd-f55b-46ef-926c-c11434c71683",
                "projectTitle": "Auto_Proj_PipelineChainingStopPipelineOnSuccess_KL5B1J",
                "customerSegments": [
                    "59119a4b-b87f-4312-9be9-0f76d0ade144"
                ]
            },
            {
                "projectId": "7bbf68c2-df61-4503-b164-ad966886c1c6",
                "projectTitle": "Auto_Proj_S3DtDbS3PqQaThree_BhLR9s",
                "customerSegments": [
                    "59119a4b-b87f-4312-9be9-0f76d0ade144"
                ]
            },
            {
                "projectId": "7bf3703b-56f9-4f79-862d-5e156b0626a6",
                "projectTitle": "Auto_Proj_S3SFBulkIngestSFJson_HiEstN",
                "customerSegments": [
                    "59119a4b-b87f-4312-9be9-0f76d0ade144"
                ]
            },
            {
                "projectId": "7e8a64fb-c414-43ff-b58f-c3c1bba247ae",
                "projectTitle": "DeployDemo",
                "customerSegments": [
                    
                ]
            },
            {
                "projectId": "7f8106d1-ae8d-4c3c-b2a3-9810ada94dc0",
                "projectTitle": "Auto_Proj_S3SFSFBulkIngestMulCSVComma_UYsr14",
                "customerSegments": [
                    "59119a4b-b87f-4312-9be9-0f76d0ade144"
                ]
            },
            {
                "projectId": "8806c78d-0567-43da-b6ff-79bc92c99588",
                "projectTitle": "Auto_Proj_S3DtDbS3PqQaThree_CkWljh",
                "customerSegments": [
                    "59119a4b-b87f-4312-9be9-0f76d0ade144"
                ]
            },
            {
                "projectId": "8d0d44c3-79fa-467c-8550-8d0de0c9e069",
                "projectTitle": "Auto_Proj_DevStage_adru",
                "customerSegments": [
                    "59119a4b-b87f-4312-9be9-0f76d0ade144"
                ]
            },
            {
                "projectId": "8e0dfe31-2137-4d53-b9e4-1ac50c314ca8",
                "projectTitle": "Ktest32",
                "customerSegments": [
                    
                ]
            },
            {
                "projectId": "8e828e9e-08d9-4974-ad9d-f1737e2b0ad9",
                "projectTitle": "Auto_Proj_S3PqDbS3PqProfAllHP_yrLK1W",
                "customerSegments": [
                    "59119a4b-b87f-4312-9be9-0f76d0ade144"
                ]
            },
            {
                "projectId": "901c3727-7d47-427b-a118-b94a527eacaa",
                "projectTitle": "Auto_Proj_PipelineChainingStopPipelineOnSuccess_IjD2FK",
                "customerSegments": [
                    "59119a4b-b87f-4312-9be9-0f76d0ade144"
                ]
            },
            {
                "projectId": "9376cd47-dd14-499e-b83f-51c8c38555e7",
                "projectTitle": "Auto_Proj_DataIngestion_53cc65",
                "customerSegments": [
                    "59119a4b-b87f-4312-9be9-0f76d0ade144"
                ]
            },
            {
                "projectId": "9568eddc-5ceb-4ccc-889a-4a61f7d5099e",
                "projectTitle": "Auto_Proj_DpParquetDbSfAppend_F61hc4",
                "customerSegments": [
                    "59119a4b-b87f-4312-9be9-0f76d0ade144"
                ]
            },
            {
                "projectId": "9744e588-26f7-42d7-8f8f-72b027dfefba",
                "projectTitle": "Auto_Proj_S3SFSFBulkIngest21_16pxvB",
                "customerSegments": [
                    "59119a4b-b87f-4312-9be9-0f76d0ade144"
                ]
            },
            {
                "projectId": "97bb1e09-a669-43a3-baaf-a1a04319cf5f",
                "projectTitle": "Auto_Proj_S3SFSFBulkIngestSFPQ_fZsLS4",
                "customerSegments": [
                    "59119a4b-b87f-4312-9be9-0f76d0ade144"
                ]
            },
            {
                "projectId": "9ab49a3a-ae64-4c45-850e-6c4641f4a22e",
                "projectTitle": "Auto_Proj_S3SFBulkIngestSFMulCSVPipe_Rmw4GI",
                "customerSegments": [
                    "59119a4b-b87f-4312-9be9-0f76d0ade144"
                ]
            },
            {
                "projectId": "9ac0ef0a-7fc2-49c6-884d-953888e28cd1",
                "projectTitle": "Auto_Proj_DataIngestion_dd73f6",
                "customerSegments": [
                    "59119a4b-b87f-4312-9be9-0f76d0ade144"
                ]
            },
            {
                "projectId": "9bea9599-d775-4fcb-bc02-48e68d9997a3",
                "projectTitle": "Auto_Proj_S3SFSFBulkIngestMulCSVComma_NNr8JJ",
                "customerSegments": [
                    "59119a4b-b87f-4312-9be9-0f76d0ade144"
                ]
            },
            {
                "projectId": "9e7b4df3-bd84-4c0e-8c3c-92e709b3889b",
                "projectTitle": "Auto_Proj_S3SFSFBulkIngestComma_newyork",
                "customerSegments": [
                    "59119a4b-b87f-4312-9be9-0f76d0ade144"
                ]
            },
            {
                "projectId": "9edd45a2-740a-4258-a650-fa56a1b21336",
                "projectTitle": "Auto_Proj_S3SFSFBulkIngestComma_dbssqew",
                "customerSegments": [
                    "5af480af-4a4d-47d4-a69c-719840280e04"
                ]
            },
            {
                "projectId": "9fbbe19f-a444-4466-bd48-226c9ed22479",
                "projectTitle": "Auto_Proj_ProjDocfOPe8W",
                "customerSegments": [
                    "59119a4b-b87f-4312-9be9-0f76d0ade144"
                ]
            },
            {
                "projectId": "a1461cf0-3ff8-4bb0-bd37-b745d7074d8f",
                "projectTitle": "Auto_Proj_S3SFSFBulkIngestCommaN_futadsd",
                "customerSegments": [
                    "59119a4b-b87f-4312-9be9-0f76d0ade144"
                ]
            },
            {
                "projectId": "a3fc7d88-4b08-424e-9499-8ff01ee10cdf",
                "projectTitle": "Auto_Proj_S3SFBulkIngestSFMulJson_FtboES",
                "customerSegments": [
                    "59119a4b-b87f-4312-9be9-0f76d0ade144"
                ]
            },
            {
                "projectId": "a7332034-7677-4098-8ead-e716c8079963",
                "projectTitle": "Auto_Proj_PipelineChainingStopPipelineOnStart_IjD2FK",
                "customerSegments": [
                    "59119a4b-b87f-4312-9be9-0f76d0ade144"
                ]
            },
            {
                "projectId": "a9ab6b12-f45c-47b8-842f-94180e75b9c8",
                "projectTitle": "Auto_Proj_S3SFSFBulkIngestMulCSVComma_nSB7nQ",
                "customerSegments": [
                    "59119a4b-b87f-4312-9be9-0f76d0ade144"
                ]
            },
            {
                "projectId": "abc8fbb4-bdc1-4a41-b3cb-90153e0286f3",
                "projectTitle": "Auto_Proj_S3SFSFBulkIngestComma_rBkygV",
                "customerSegments": [
                    "59119a4b-b87f-4312-9be9-0f76d0ade144"
                ]
            },
            {
                "projectId": "ae204728-dfd3-471a-ad52-e8de0289cc62",
                "projectTitle": "Ktest40",
                "customerSegments": [
                    
                ]
            },
            {
                "projectId": "aef5582c-84d6-4a68-a1f4-6919ddae2371",
                "projectTitle": "Auto_Proj_DataIngestion_08b876",
                "customerSegments": [
                    "59119a4b-b87f-4312-9be9-0f76d0ade144"
                ]
            },
            {
                "projectId": "b06560f7-9d28-44eb-b112-a54729c40994",
                "projectTitle": "Auto_Proj_PipelineChainingStopPipelineOnStart1_IjD2FK",
                "customerSegments": [
                    "59119a4b-b87f-4312-9be9-0f76d0ade144"
                ]
            },
            {
                "projectId": "b3abe7de-69a9-4c62-8abc-a66b33a7c568",
                "projectTitle": "Ktest19",
                "customerSegments": [
                    
                ]
            },
            {
                "projectId": "b7e676d8-60e0-411c-b808-79bfcbfe44a1",
                "projectTitle": "Auto_Proj_parquetCrCt_BM8HdI",
                "customerSegments": [
                    "59119a4b-b87f-4312-9be9-0f76d0ade144"
                ]
            },
            {
                "projectId": "b94732a9-0de5-4e13-b0f7-770b1e3b1669",
                "projectTitle": "Auto_Proj_S3SFSFBulkIngestMulCSVComma_9BKAqw",
                "customerSegments": [
                    "59119a4b-b87f-4312-9be9-0f76d0ade144"
                ]
            },
            {
                "projectId": "baf3813d-ff02-4dad-bb64-8ea09164e3b5",
                "projectTitle": "Auto_Proj_S3PqDbS3PqProfAllHP_JY8IPJ",
                "customerSegments": [
                    "59119a4b-b87f-4312-9be9-0f76d0ade144"
                ]
            },
            {
                "projectId": "bd495986-c1d7-43b0-ac91-deba408c8a6d",
                "projectTitle": "Auto_Proj_ProjDoctbOApj",
                "customerSegments": [
                    "59119a4b-b87f-4312-9be9-0f76d0ade144"
                ]
            },
            {
                "projectId": "c1f21ee3-6e91-4e2e-be79-bec7cb113d42",
                "projectTitle": "Auto_Proj_DataIngestion_d037a5",
                "customerSegments": [
                    "59119a4b-b87f-4312-9be9-0f76d0ade144"
                ]
            },
            {
                "projectId": "c4264bc7-e38d-4e34-b462-e00a10888629",
                "projectTitle": "Auto_Proj_S3SFSFBulkIngestComma_fsjjXY",
                "customerSegments": [
                    "59119a4b-b87f-4312-9be9-0f76d0ade144"
                ]
            },
            {
                "projectId": "c72ea64f-bea8-4543-b34c-abc3bb931b19",
                "projectTitle": "Auto_Proj_S3SFSFBulkIngestComma_9QHjxh",
                "customerSegments": [
                    "59119a4b-b87f-4312-9be9-0f76d0ade144"
                ]
            },
            {
                "projectId": "c9b7572f-da94-4651-80b4-a137ab1cc184",
                "projectTitle": "AutomationTesting",
                "customerSegments": [
                    
                ]
            },
            {
                "projectId": "cb77c1fc-a0f1-4340-94d7-45ef51cfcd30",
                "projectTitle": "Auto_Proj_S3SFBulkIngestSFJson_8EUDTM",
                "customerSegments": [
                    "59119a4b-b87f-4312-9be9-0f76d0ade144"
                ]
            },
            {
                "projectId": "cdf05133-4e19-4247-b96b-1888d0920878",
                "projectTitle": "Auto_Proj_S3SFBulkIngestSFabc_8EUDTM",
                "customerSegments": [
                    "59119a4b-b87f-4312-9be9-0f76d0ade144"
                ]
            },
            {
                "projectId": "cf950238-14d5-4765-b1ad-b1201509c85c",
                "projectTitle": "Auto_Proj_DpCsvDbS3Overwrite_sfK12V",
                "customerSegments": [
                    "59119a4b-b87f-4312-9be9-0f76d0ade144"
                ]
            },
            {
                "projectId": "d0c6d48a-efd9-432b-b647-4fe06a4d489d",
                "projectTitle": "Auto_Proj_S3SFSFBulkIngestComma_Jks8C2",
                "customerSegments": [
                    "59119a4b-b87f-4312-9be9-0f76d0ade144"
                ]
            },
            {
                "projectId": "d414453a-c134-47f6-93f3-2ceda1108899",
                "projectTitle": "Auto_Proj_dataCrawCatMySQL_BM8HdI",
                "customerSegments": [
                    "59119a4b-b87f-4312-9be9-0f76d0ade144"
                ]
            },
            {
                "projectId": "d4fba6c0-0fe5-4a06-ac2b-9a6eab96e64e",
                "projectTitle": "Auto_Proj_ProjDocNfoFEG",
                "customerSegments": [
                    "59119a4b-b87f-4312-9be9-0f76d0ade144"
                ]
            },
            {
                "projectId": "d72d826b-da51-4773-8e68-bda0ba1d12c7",
                "projectTitle": "Auto_Proj_JavaTechAwsGitlabKubJenSonarJfTestsTwo_kCLO93",
                "customerSegments": [
                    "59119a4b-b87f-4312-9be9-0f76d0ade144"
                ]
            },
            {
                "projectId": "d7f2d64a-ac07-44e4-8026-6085e56f701f",
                "projectTitle": "Auto_Proj_dataCrawCatMsSql_BM8HdI",
                "customerSegments": [
                    "59119a4b-b87f-4312-9be9-0f76d0ade144"
                ]
            },
            {
                "projectId": "d9749272-2c4f-440f-9aa6-a9d3f05a9612",
                "projectTitle": "Auto_Proj_DataIngestion_16452e",
                "customerSegments": [
                    "59119a4b-b87f-4312-9be9-0f76d0ade144"
                ]
            },
            {
                "projectId": "d9df88cc-8bed-4f63-a266-4000c809805f",
                "projectTitle": "Auto_Proj_S3SFSFBulkIngestTab_CxswPd",
                "customerSegments": [
                    "59119a4b-b87f-4312-9be9-0f76d0ade144"
                ]
            },
            {
                "projectId": "da3311af-058f-4401-9a71-ff190ef8f1d5",
                "projectTitle": "Auto_Proj_S3SFSFBulkIngestComma_y1lKEU",
                "customerSegments": [
                    "59119a4b-b87f-4312-9be9-0f76d0ade144"
                ]
            },
            {
                "projectId": "dc598ff8-5a2f-4bbd-995b-4478c7c601db",
                "projectTitle": "Auto_Proj_PipelineChainingStopPipelineOnStart_unAWY4",
                "customerSegments": [
                    "59119a4b-b87f-4312-9be9-0f76d0ade144"
                ]
            },
            {
                "projectId": "dc62f4f3-c62f-4010-a435-d16e86d3f2f4",
                "projectTitle": "Auto_Proj_DataIngestion_70bc90",
                "customerSegments": [
                    "59119a4b-b87f-4312-9be9-0f76d0ade144"
                ]
            },
            {
                "projectId": "e0157b08-6f15-48bb-88f7-9bd36be92dfb",
                "projectTitle": "Auto_Proj_S3DtDbS3PqValSix_efrUZp",
                "customerSegments": [
                    "59119a4b-b87f-4312-9be9-0f76d0ade144"
                ]
            },
            {
                "projectId": "e3382de0-5ee5-4ba2-a37d-d73d62ce9902",
                "projectTitle": "Auto_Proj_ProjDocH9bia9",
                "customerSegments": [
                    "59119a4b-b87f-4312-9be9-0f76d0ade144"
                ]
            },
            {
                "projectId": "e844a74c-dea2-4980-9706-d337e5977b2c",
                "projectTitle": "Auto_Proj_dataCrawCatSnowflake_BM8HdI",
                "customerSegments": [
                    "59119a4b-b87f-4312-9be9-0f76d0ade144"
                ]
            },
            {
                "projectId": "eba14b9a-2d3c-4ec0-96de-b5cd70cb1e4b",
                "projectTitle": "Auto_Proj_S3SFBulkIngestSFNullIf_iKGJDn",
                "customerSegments": [
                    "59119a4b-b87f-4312-9be9-0f76d0ade144"
                ]
            },
            {
                "projectId": "edc2c973-a279-4248-ac9d-def7fde720e3",
                "projectTitle": "Auto_Proj_PipelineChainingStopPipelineOnStart1_J1Z3o1",
                "customerSegments": [
                    "59119a4b-b87f-4312-9be9-0f76d0ade144"
                ]
            },
            {
                "projectId": "eeac7013-5280-4520-8cae-438f644fd10f",
                "projectTitle": "Auto_Proj_PipelineChainingStopPipelineOnStart1_buEMGg",
                "customerSegments": [
                    "59119a4b-b87f-4312-9be9-0f76d0ade144"
                ]
            },
            {
                "projectId": "ef520297-4daf-4fb1-a39a-2a4df38e6efa",
                "projectTitle": "Auto_Proj_DataIngestion_537b4a",
                "customerSegments": [
                    "59119a4b-b87f-4312-9be9-0f76d0ade144"
                ]
            },
            {
                "projectId": "f26174f0-938d-4bee-a75c-1e94bd7b6e3e",
                "projectTitle": "Auto_Proj_DpMySqlConfDstHistIncrDbADLPar_U7BxvY",
                "customerSegments": [
                    "59119a4b-b87f-4312-9be9-0f76d0ade144"
                ]
            },
            {
                "projectId": "f2c62fa7-0095-4c33-9d4a-b6dcac675964",
                "projectTitle": "Auto_Proj_DataIngestion_5fdc09",
                "customerSegments": [
                    "59119a4b-b87f-4312-9be9-0f76d0ade144"
                ]
            },
            {
                "projectId": "f324eded-32fe-4ae8-b514-1e178fa0b274",
                "projectTitle": "TestingfailedscriptinJenkins",
                "customerSegments": [
                    
                ]
            },
            {
                "projectId": "f385da1b-4f41-4c7b-94dd-8795e24995c4",
                "projectTitle": "Auto_Proj_DataIngestion_8f0207",
                "customerSegments": [
                    "59119a4b-b87f-4312-9be9-0f76d0ade144"
                ]
            },
            {
                "projectId": "f42f3d9b-f4f0-4b11-9228-16b1e60f3c06",
                "projectTitle": "Auto_Proj_S3SFSFBulkIngest21_9n7ut4",
                "customerSegments": [
                    "59119a4b-b87f-4312-9be9-0f76d0ade144"
                ]
            },
            {
                "projectId": "f60586e8-f83a-43df-bde5-d871d0de4711",
                "projectTitle": "Auto_Proj_S3DtDbS3PqAppCoDis_JrTQIq",
                "customerSegments": [
                    "59119a4b-b87f-4312-9be9-0f76d0ade144"
                ]
            },
            {
                "projectId": "f802bef3-8845-4e3d-a479-a71211a28e63",
                "projectTitle": "Auto_Proj_JavaTechAwsGitlabKubJenSonarJfTestsThree_c0bTuq",
                "customerSegments": [
                    "59119a4b-b87f-4312-9be9-0f76d0ade144"
                ]
            },
            {
                "projectId": "fa534581-4c6d-4d13-8102-db61dd08eda9",
                "projectTitle": "Auto_Proj_DataIngestion_a5b5e8",
                "customerSegments": [
                    "59119a4b-b87f-4312-9be9-0f76d0ade144"
                ]
            },
            {
                "projectId": "fb0b982e-ad8c-4e46-b75c-ba8b06571f3b",
                "projectTitle": "Auto_Proj_PipelineChainingStopPipelineOnStart_buEMGg",
                "customerSegments": [
                    "59119a4b-b87f-4312-9be9-0f76d0ade144"
                ]
            }
        ]
    },
    {
        "portfolioId": "70a62413-f3b3-41a4-befb-0d2c247c806b",
        "portfolioTitle": "ranju"
    },
    {
        "portfolioId": "894c6adb-b358-4619-9925-df385d15c1b5",
        "portfolioTitle": "testPF1"
    },
    {
        "portfolioId": "8e48281e-f0c0-494b-b2d1-993cc43655cd",
        "portfolioTitle": "UIAutomationPermanentPortfolio",
        "projects": [
            {
                "projectId": "10b7eb06-66ed-49b3-96b7-53e670f7b810",
                "projectTitle": "KiranAPITesting",
                "customerSegments": [
                    
                ]
            },
            {
                "projectId": "ee0cbe46-94e5-42a5-9319-183c0bc6c77d",
                "projectTitle": "KiranUiTesting",
                "customerSegments": [
                    
                ]
            }
        ]
    },
    {
        "portfolioId": "9e25b98a-aa6f-4576-805d-66f67d41a739",
        "portfolioTitle": "test",
        "projects": [
            {
                "projectId": "03cbaa9c-4cac-484e-ac0c-4bf13af97287",
                "projectTitle": "testkhush",
                "customerSegments": [
                    
                ]
            },
            {
                "projectId": "148938fc-0bfa-4929-96e8-5c6591d05e1d",
                "projectTitle": "test -123",
                "customerSegments": [
                    
                ]
            }
        ]
    },
    {
        "portfolioId": "a02cef5e-1ea1-4ac6-9478-c2c7dcc9ac6d",
        "portfolioTitle": "PL_Auto_RD_w8hGll"
    },
    {
        "portfolioId": "a0888cef-eb5a-487d-97db-55645a2e1d73",
        "portfolioTitle": "sx"
    },
    {
        "portfolioId": "a3a4fbcc-e93b-45e1-a379-9e41a5b39c58",
        "portfolioTitle": "PL_Optional_Auto_0khyXm",
        "projects": [
            {
                "projectId": "6cb689f8-ee62-4b9b-a5e2-b34465b6b9cf",
                "projectTitle": "ProductForPLTest0khyXm",
                "customerSegments": [
                    "59119a4b-b87f-4312-9be9-0f76d0ade144"
                ]
            }
        ]
    },
    {
        "portfolioId": "a84477c5-37c2-4c1e-8920-6220eb73babd",
        "portfolioTitle": "Automation E2E Product Portfolio",
        "projects": [
            {
                "projectId": "0c152915-1cca-465b-91dd-3a4fafdcd0d7",
                "projectTitle": "Automation E2E Product",
                "customerSegments": [
                    
                ]
            }
        ]
    },
    {
        "portfolioId": "b3e92d20-83d6-4dae-93b5-d7512aaa5bab",
        "portfolioTitle": "ApicollectionPorfolito",
        "projects": [
            {
                "projectId": "356f5c88-8f56-428b-b7e4-09cc571b0578",
                "projectTitle": "sdsds",
                "customerSegments": [
                    
                ]
            },
            {
                "projectId": "78dc7b57-321d-48d1-88f0-69fe7397eef6",
                "projectTitle": "ApicollectionProduct",
                "customerSegments": [
                    
                ]
            },
            {
                "projectId": "abc5ce27-43c9-466f-afd4-eabc515522c2",
                "projectTitle": "apicollectionportlollio8",
                "customerSegments": [
                    
                ]
            },
            {
                "projectId": "b507bd80-aaf5-4e76-a35e-c7f6821fd634",
                "projectTitle": "apicollectionportlollio9",
                "customerSegments": [
                    
                ]
            }
        ]
    },
    {
        "portfolioId": "b578f82a-5aac-4a6b-ba29-248fedf0894d",
        "portfolioTitle": "testPFKhushboo",
        "projects": [
            {
                "projectId": "25ec9f90-100e-4a98-80b7-ebf56ba4c07f",
                "projectTitle": "TestProductKhushboo",
                "customerSegments": [
                    
                ]
            }
        ]
    },
    {
        "portfolioId": "babb9459-7377-48b0-bf2e-0e85082544e8",
        "portfolioTitle": "PL_Auto_Validation_0khyXmEdit",
        "projects": [
            {
                "projectId": "65684cd5-6c04-44d6-a1e5-56b34af58066",
                "projectTitle": "OperationProject__NPL_0khyXm",
                "customerSegments": [
                    
                ]
            }
        ]
    },
    {
        "portfolioId": "d6b2e379-1405-4c78-9b8c-d1854740c09f",
        "portfolioTitle": "Ktest41",
        "projects": [
            {
                "projectId": "219e8914-106f-45e9-bf64-66e28133c7d9",
                "projectTitle": "fdaaf",
                "customerSegments": [
                    
                ]
            },
            {
                "projectId": "b121c76c-0084-492e-8a64-cc86c8dbffaf",
                "projectTitle": "Ktest41",
                "customerSegments": [
                    
                ]
            }
        ]
    },
    {
        "portfolioId": "dc851d36-34f9-47ad-b94f-36c378833b04",
        "portfolioTitle": "tests"
    },
    {
        "portfolioId": "de529033-8c0b-4e3a-a0cf-5c9ebc236d6c",
        "portfolioTitle": "ds",
        "projects": [
            {
                "projectId": "26151613-e3ca-4600-b8f1-5a8cea5f3d8d",
                "projectTitle": "edws",
                "customerSegments": [
                    
                ]
            }
        ]
    },
    {
        "portfolioId": "e179fab4-a4e2-487d-94b2-268022f19568",
        "portfolioTitle": "Adai-Portfolio",
        "projects": [
            {
                "projectId": "6e16f07b-0b33-4392-9e74-0938f77dda4c",
                "projectTitle": "NewProduct5",
                "customerSegments": [
                    
                ]
            },
            {
                "projectId": "a0d3feb0-7f1c-4f56-8424-da61b1a47130",
                "projectTitle": "Adai-Product-1",
                "customerSegments": [
                    
                ]
            },
            {
                "projectId": "cb8a6950-1ada-4540-9fba-d790a01a5a69",
                "projectTitle": "Prodcut4",
                "customerSegments": [
                    
                ]
            },
            {
                "projectId": "fc60295b-5acf-40a7-949a-b0415edbdb8b",
                "projectTitle": "Data-quality-test",
                "customerSegments": [
                    
                ]
            }
        ]
    },
    {
        "portfolioId": "e56719b2-37a3-4541-98c2-f62ab970e8c4",
        "portfolioTitle": "Siddeshbelura_NewProduct",
        "projects": [
            {
                "projectId": "329bc83e-065d-4fb2-bfd8-261288491013",
                "projectTitle": "DevSecOpsProdcut",
                "customerSegments": [
                    "59119a4b-b87f-4312-9be9-0f76d0ade144"
                ]
            },
            {
                "projectId": "3f10a08e-24bd-4928-acc7-e034f50f335a",
                "projectTitle": "Siddesh AI-MLProject",
                "customerSegments": [
                    
                ]
            },
            {
                "projectId": "b3649d7a-43b2-4be2-8d19-071c8e6341d7",
                "projectTitle": "AndroidAutomationProject",
                "customerSegments": [
                    
                ]
            }
        ]
    },
    {
        "portfolioId": "ed3ac135-c06b-43f8-a442-942b925e3a59",
        "portfolioTitle": "APiDemoPorfofilo",
        "projects": [
            {
                "projectId": "1e0e83fe-0c1d-4032-b492-6e192b7377ec",
                "projectTitle": "ApidemoProdcut3",
                "customerSegments": [
                    
                ]
            },
            {
                "projectId": "be6aad01-f6c9-4928-be87-125d7a543a4e",
                "projectTitle": "ApidemoProdcut1",
                "customerSegments": [
                    
                ]
            },
            {
                "projectId": "fcb0eab8-aeb4-4a00-b4dc-32e387687807",
                "projectTitle": "ApidemoProdcut2",
                "customerSegments": [
                    
                ]
            }
        ]
    },
    {
        "portfolioId": "eec4e2b2-58c7-4bb1-b987-9121af32f4f2",
        "portfolioTitle": "TestPf"
    },
    {
        "portfolioId": "fbe404dc-91c2-4d99-ad0a-62290026747d",
        "portfolioTitle": "RanjuAutomation",
        "projects": [
            {
                "projectId": "0cd22af0-9242-4359-b773-277558a6cbd5",
                "projectTitle": "RanjuProd",
                "customerSegments": [
                    
                ]
            },
            {
                "projectId": "0ea77b6a-36d2-4e90-9a8a-d655e5497c88",
                "projectTitle": "TestDefects",
                "customerSegments": [
                    
                ]
            },
            {
                "projectId": "1e547361-4ffc-471e-823b-4d0eac8546ab",
                "projectTitle": "TESTBULKINGEST",
                "customerSegments": [
                    
                ]
            },
            {
                "projectId": "37d84633-fe75-4d6b-aad9-562b38cc0bd3",
                "projectTitle": "testchain2",
                "customerSegments": [
                    
                ]
            },
            {
                "projectId": "e12e4480-674c-43fe-9470-dfa1e6925391",
                "projectTitle": "DataPiplineStudio-AutomationTenent",
                "customerSegments": [
                    
                ]
            }
        ]
    }
]
03 Aug 2026 21:02:59,638 TestListener: 
Suite Execution Summary: 
Passed / Failed / Skipped / Total Tests: 33 / 0 / 0 / 41

Test Case: suites.productLine.ProductLineTests.getPortfolioAndProducts — PASSED
Execution Time: 3.85 seconds

03 Aug 2026 21:02:59,639 TestListener: 
--------------------------------------------------------------------------------
************************** Running Now **************************************
--------------------------------------------------------------------------------
Test Case Number in Current Execution: 34 / 41
Test Case Name: suites.productLine.ProductLineTests.get_specific_productLines
Test Case Groups: [regression, PRO_REGRESSION, PRO_PRODUCT_PORTFOLIO]
--------------------------------------------------------------------------------

03 Aug 2026 21:03:01,078 MainUtils: GET https://accelerate-qa.calibo.com/elab/portfolios/30f7227f-c202-4896-be51-21ad25f2f7df
03 Aug 2026 21:03:01,080 MainUtils: Response Status => HTTP/1.1 200 
03 Aug 2026 21:03:01,081 MainUtils: Response Header: X-Traceid => 6a70b4ac143776ce16a5b96bda8d542b
03 Aug 2026 21:03:01,083 MainUtils: 
 Response Body => {
    "id": "30f7227f-c202-4896-be51-21ad25f2f7df",
    "code": "b8a486dc-a80a-4aab-8bdc-ca80677d9a53",
    "title": "PL_Auto_0khyXm edit",
    "description": "Automation Testing Product line Description edit",
    "strategy": "Automation Testing Strategy",
    "visibility": true,
    "agileKey": "TDP",
    "priority": "LOW",
    "value": 100.00,
    "currency": "USD",
    "stakeholders": [
        {
            "id": "f496a82d-b541-442b-b698-6e7b948add9a",
            "teamCode": "ad1860e9-aa26-42b5-8296-177a0a00a4a8",
            "title": "PL_Auto_0khyXm",
            "email": "api.automation@calibo.com",
            "fullName": "API Automation",
            "role": "OWNER",
            "createdOn": "2026-08-03T15:31:53",
            "status": "ACTIVE"
        }
    ],
    "projects": [
        
    ],
    "createdBy": "api.automation@calibo.com",
    "name": "API Automation",
    "createdOn": "2026-08-03T15:31:53",
    "updatedOn": "2026-08-03T15:32:54",
    "workflowEnabled": false,
    "workflowStatus": "NONE",
    "productWorkflowEnabled": false,
    "reworkLimitEnabled": false,
    "additionalAttributes": [
        
    ],
    "templateAssociatedToWorkflow": false
}
03 Aug 2026 21:03:01,091 TestListener: 
Suite Execution Summary: 
Passed / Failed / Skipped / Total Tests: 34 / 0 / 0 / 41

Test Case: suites.productLine.ProductLineTests.get_specific_productLines — PASSED
Execution Time: 1.45 seconds

03 Aug 2026 21:03:01,095 TestListener: 
--------------------------------------------------------------------------------
************************** Running Now **************************************
--------------------------------------------------------------------------------
Test Case Number in Current Execution: 35 / 41
Test Case Name: suites.productLine.ProductLineTests.update_jiraProject
Test Case Groups: [regression, PRO_REGRESSION, PRO_PRODUCT_PORTFOLIO]
--------------------------------------------------------------------------------

03 Aug 2026 21:03:02,433 MainUtils: Request Method => PATCH
 Request URI => https://accelerate-qa.calibo.com/elab/portfolios/30f7227f-c202-4896-be51-21ad25f2f7df
03 Aug 2026 21:03:02,434 MainUtils: Request Body => {
    "agileKey": "LAZ",
    "description": "Automation Testing Product line Description edit",
    "currency": "USD",
    "stakeholders": [
        {
            "name": "API Automation",
            "roleName": "OWNER",
            "email": "api.automation@calibo.com",
            "username": "api.automation@calibo.com"
        }
    ],
    "projectIds": [
        
    ],
    "priority": "LOW",
    "strategy": "Automation Testing Strategy",
    "title": "PL_Auto_0khyXm edit",
    "value": 100
}
03 Aug 2026 21:03:02,434 MainUtils: Response Status => HTTP/1.1 200 
03 Aug 2026 21:03:02,434 MainUtils: Response Header: X-Traceid => 6a70b4aec344b3e75e8bf844c6c6c68c
03 Aug 2026 21:03:02,438 MainUtils: 
 Response Body => {
    "id": "30f7227f-c202-4896-be51-21ad25f2f7df",
    "code": "b8a486dc-a80a-4aab-8bdc-ca80677d9a53",
    "title": "PL_Auto_0khyXm edit",
    "description": "Automation Testing Product line Description edit",
    "strategy": "Automation Testing Strategy",
    "visibility": true,
    "agileKey": "LAZ",
    "priority": "LOW",
    "value": 100,
    "currency": "USD",
    "stakeholders": [
        {
            
        }
    ],
    "projects": [
        
    ],
    "createdBy": "api.automation@calibo.com",
    "name": "API Automation",
    "createdOn": "2026-08-03T15:31:53",
    "updatedOn": "2026-08-03T15:33:02.363454",
    "workflowEnabled": false,
    "workflowStatus": "NONE",
    "productWorkflowEnabled": false,
    "reworkLimitEnabled": false,
    "additionalAttributes": [
        
    ]
}
03 Aug 2026 21:03:02,444 TestListener: 
Suite Execution Summary: 
Passed / Failed / Skipped / Total Tests: 35 / 0 / 0 / 41

Test Case: suites.productLine.ProductLineTests.update_jiraProject — PASSED
Execution Time: 1.35 seconds

03 Aug 2026 21:03:02,449 TestListener: 
--------------------------------------------------------------------------------
************************** Running Now **************************************
--------------------------------------------------------------------------------
Test Case Number in Current Execution: 36 / 41
Test Case Name: suites.productLine.ProductLineTests.delete_finances_of_year_from_portfolio
Test Case Groups: [regression, PRO_REGRESSION, PRO_PRODUCT_PORTFOLIO]
--------------------------------------------------------------------------------

03 Aug 2026 21:03:03,703 MainUtils: Request Method => PATCH
 Request URI => https://accelerate-qa.calibo.com/elab/portfolios/finances
03 Aug 2026 21:03:03,704 MainUtils: Request Body => {
    "portfolioId": "babb9459-7377-48b0-bf2e-0e85082544e8",
    "years": [
        {
            "revenueTarget": 200,
            "portfolioId": "babb9459-7377-48b0-bf2e-0e85082544e8",
            "year": 2026,
            "productLineSummary": [
                
            ],
            "approvedBudget": 100,
            "id": "694059b8-0d12-400a-a44c-bd51215c235c"
        },
        {
            "revenueTarget": 200,
            "portfolioId": "babb9459-7377-48b0-bf2e-0e85082544e8",
            "year": 2025,
            "productLineSummary": [
                
            ],
            "approvedBudget": 100,
            "id": "33780f90-191f-45e3-82d5-76c15c531fe8"
        }
    ]
}
03 Aug 2026 21:03:03,704 MainUtils: Response Status => HTTP/1.1 201 
03 Aug 2026 21:03:03,704 MainUtils: Response Header: X-Traceid => 6a70b4afd65dbfa28d371e87db841e4e
03 Aug 2026 21:03:03,705 MainUtils: 
 Response Body => {
    "years": [
        {
            "id": "694059b8-0d12-400a-a44c-bd51215c235c",
            "year": "2026",
            "yearName": "2026",
            "portfolioId": "babb9459-7377-48b0-bf2e-0e85082544e8",
            "productLineSummary": [
                
            ],
            "revenueTarget": 200,
            "approvedBudget": 100,
            "workflowStatus": "NONE",
            "workflowEnabled": false,
            "reworkLimitEnabled": false,
            "createdBy": "api.automation@calibo.com"
        },
        {
            "id": "33780f90-191f-45e3-82d5-76c15c531fe8",
            "year": "2025",
            "yearName": "2025",
            "portfolioId": "babb9459-7377-48b0-bf2e-0e85082544e8",
            "productLineSummary": [
                
            ],
            "revenueTarget": 200,
            "approvedBudget": 100,
            "workflowStatus": "NONE",
            "workflowEnabled": false,
            "reworkLimitEnabled": false,
            "createdBy": "api.automation@calibo.com"
        }
    ]
}
03 Aug 2026 21:03:03,723 TestListener: 
Suite Execution Summary: 
Passed / Failed / Skipped / Total Tests: 36 / 0 / 0 / 41

Test Case: suites.productLine.ProductLineTests.delete_finances_of_year_from_portfolio — PASSED
Execution Time: 1.28 seconds

03 Aug 2026 21:03:03,725 TestListener: 
--------------------------------------------------------------------------------
************************** Running Now **************************************
--------------------------------------------------------------------------------
Test Case Number in Current Execution: 37 / 41
Test Case Name: suites.productLine.ProductLineTests.getRoadMapDetails
Test Case Groups: [regression, PRO_REGRESSION, PRO_PRODUCT_PORTFOLIO]
--------------------------------------------------------------------------------

03 Aug 2026 21:03:08,016 MainUtils: GET https://accelerate-qa.calibo.com/elab/portfolios/getRoadMapDetails
03 Aug 2026 21:03:08,016 MainUtils: Response Status => HTTP/1.1 200 
03 Aug 2026 21:03:08,017 MainUtils: Response Header: X-Traceid => 6a70b4b08dae946b363d77794e517bfd
03 Aug 2026 21:03:08,026 MainUtils: 
 Response Body => [
    {
        "portfolioId": "033ad176-7a8c-4fca-8d38-8f1899af79eb",
        "portfolioTitle": "CaliboE2E"
    },
    {
        "portfolioId": "10e83f9c-76b4-47cc-ad92-034a7545046e",
        "portfolioTitle": "ApicollectionPorfolito4"
    },
    {
        "portfolioId": "1dc829b6-f602-482c-a143-7b503e9b8e32",
        "portfolioTitle": "dsfad"
    },
    {
        "portfolioId": "26507797-acaf-41c4-ba54-daa27cb6c09e",
        "portfolioTitle": "sds"
    },
    {
        "portfolioId": "2b89f6c0-a3b5-491e-83c6-33fe5be5724c",
        "portfolioTitle": "ApicollectionPorfolito3",
        "projects": [
            {
                "projectId": "b99f2955-29c1-4963-b607-582cfc282334",
                "projectTitle": "ApicollectionProdcut4",
                "customerSegments": [
                    
                ]
            }
        ]
    },
    {
        "portfolioId": "30f7227f-c202-4896-be51-21ad25f2f7df",
        "portfolioTitle": "PL_Auto_0khyXm edit"
    },
    {
        "portfolioId": "315b7cb7-b16d-496f-82e7-67a8392f060f",
        "portfolioTitle": "PF_Collab_Test",
        "projects": [
            {
                "projectId": "216ea9a3-ae8d-427a-9fb7-294dab5c9fa8",
                "projectTitle": "Collab Product 2",
                "customerSegments": [
                    "59119a4b-b87f-4312-9be9-0f76d0ade144"
                ]
            },
            {
                "projectId": "3530705d-5ffb-491e-93ca-68f69bf07499",
                "projectTitle": "Operationalize product test",
                "customerSegments": [
                    
                ]
            },
            {
                "projectId": "75b02a29-986b-4ff6-924b-d8da9ce6c0d0",
                "projectTitle": "Collab_Product",
                "customerSegments": [
                    
                ]
            }
        ]
    },
    {
        "portfolioId": "356a24f2-2413-4da0-b50a-834573bf8050",
        "portfolioTitle": "ApicollectionPorfolito2",
        "projects": [
            {
                "projectId": "04f0f4d2-6415-4207-a94e-0e7e4599f565",
                "projectTitle": "sdd",
                "customerSegments": [
                    
                ]
            }
        ]
    },
    {
        "portfolioId": "4712967e-a080-43f7-a01c-9dea397617fa",
        "portfolioTitle": "TestPortfollio",
        "projects": [
            {
                "projectId": "f3b4ca1f-a7c0-4e62-a8af-43ed7b3e2ece",
                "projectTitle": "DeployTechStack",
                "customerSegments": [
                    
                ]
            },
            {
                "projectId": "fea3aa56-ba48-48f5-b257-d5e889270b02",
                "projectTitle": "TechDeploy",
                "customerSegments": [
                    
                ]
            }
        ]
    },
    {
        "portfolioId": "50042a39-b995-4e84-ac93-570a05d4c960",
        "portfolioTitle": "zczcc"
    },
    {
        "portfolioId": "526101df-baea-4932-afde-b9bd9a09ee8d",
        "portfolioTitle": "test29"
    },
    {
        "portfolioId": "5a8a0e72-8a3c-4702-8bcc-7b58fcf117be",
        "portfolioTitle": "Calibo Flight Test",
        "projects": [
            {
                "projectId": "35d742a0-674e-4512-b5a7-3fe649cc48c7",
                "projectTitle": "Define collab",
                "customerSegments": [
                    
                ]
            },
            {
                "projectId": "65867d13-18df-4290-9ae3-d5244a945479",
                "projectTitle": "Calibo Flight First Product",
                "customerSegments": [
                    
                ]
            },
            {
                "projectId": "712ba9fb-cf10-4ed7-9423-844b7a1fd00a",
                "projectTitle": "dvvcdf",
                "customerSegments": [
                    
                ]
            },
            {
                "projectId": "af4cb6cf-2872-4b01-9ec8-0e37d2a8b73e",
                "projectTitle": "Flight test 2",
                "customerSegments": [
                    
                ]
            },
            {
                "projectId": "be38ac6d-d87e-4f4f-8e95-1806a6d7b1b7",
                "projectTitle": "fl3",
                "customerSegments": [
                    
                ]
            }
        ]
    },
    {
        "portfolioId": "6b6c1fe7-e0e7-47b8-bf75-14f8fb7eb3da",
        "portfolioTitle": "DefaultAutomationPL",
        "projects": [
            {
                "projectId": "00443439-c327-4f04-b60b-cbac7f48c5bc",
                "projectTitle": "testsss",
                "customerSegments": [
                    
                ]
            },
            {
                "projectId": "0056b41b-f07e-4d67-8e25-f0d0cbaa19e4",
                "projectTitle": "Auto_Proj_DevStage_9niy",
                "customerSegments": [
                    "59119a4b-b87f-4312-9be9-0f76d0ade144"
                ]
            },
            {
                "projectId": "01ecc914-0b69-47c4-84dc-9612f81dd113",
                "projectTitle": "Ktest34",
                "customerSegments": [
                    
                ]
            },
            {
                "projectId": "047f43f2-fb51-452e-ae34-8ff93fb13dd8",
                "projectTitle": "Auto_Proj_PipelineChainingStopPipelineOnSuccess_J1Z3o1",
                "customerSegments": [
                    "59119a4b-b87f-4312-9be9-0f76d0ade144"
                ]
            },
            {
                "projectId": "055d48ac-6114-41b1-a582-4687d0642597",
                "projectTitle": "Auto_Proj_DpMySqlLocalCatDbADLPar_aKbKvG",
                "customerSegments": [
                    "59119a4b-b87f-4312-9be9-0f76d0ade144"
                ]
            },
            {
                "projectId": "05bc0b61-f0ea-4c0d-91f2-9c99f8fa75eb",
                "projectTitle": "TEST",
                "customerSegments": [
                    
                ]
            },
            {
                "projectId": "0905b8c9-030f-44ab-94f6-54f3121ad062",
                "projectTitle": "Auto_Proj_DpFtpDbSFAppend_H07VaE",
                "customerSegments": [
                    "59119a4b-b87f-4312-9be9-0f76d0ade144"
                ]
            },
            {
                "projectId": "0a665460-504f-416e-ba6f-75db0677f7f7",
                "projectTitle": "Auto_Proj_S3SFSFBulkIngestComma_11lj45",
                "customerSegments": [
                    "59119a4b-b87f-4312-9be9-0f76d0ade144"
                ]
            },
            {
                "projectId": "0ad20ff5-4944-4789-ac12-4a5db2829cb4",
                "projectTitle": "Auto_Proj_PipelineChainingRunPipelineOnCompletion_IjD2FK",
                "customerSegments": [
                    "59119a4b-b87f-4312-9be9-0f76d0ade144"
                ]
            },
            {
                "projectId": "0b3455ce-b89f-4565-85c6-974c687de833",
                "projectTitle": "Auto_Proj_PipelineChainingStopPipelineOnSuccess_buEMGg",
                "customerSegments": [
                    "59119a4b-b87f-4312-9be9-0f76d0ade144"
                ]
            },
            {
                "projectId": "12f6cf07-1d1c-46cd-8847-ce98e7a3e353",
                "projectTitle": "Auto_Proj_DataIngestion_3e5ab8",
                "customerSegments": [
                    "59119a4b-b87f-4312-9be9-0f76d0ade144"
                ]
            },
            {
                "projectId": "14ec8d3b-e892-4b35-915d-8c114402b2a8",
                "projectTitle": "Auto_Proj_DataIngestion_e450dc",
                "customerSegments": [
                    "59119a4b-b87f-4312-9be9-0f76d0ade144"
                ]
            },
            {
                "projectId": "1894b337-a14b-4ba1-8568-794f4f1d47d1",
                "projectTitle": "Auto_Proj_dataCrawCatFilters_lXJRM8",
                "customerSegments": [
                    "59119a4b-b87f-4312-9be9-0f76d0ade144"
                ]
            },
            {
                "projectId": "1a240276-ddb5-4e5d-9a07-fbb152af1d9f",
                "projectTitle": "Auto_Proj_dataCrawCatSFTP_BM8HdI",
                "customerSegments": [
                    "59119a4b-b87f-4312-9be9-0f76d0ade144"
                ]
            },
            {
                "projectId": "1a2889ea-4c76-4fa6-b504-245f290b2bb0",
                "projectTitle": "Auto_Proj_dataCrawCatPostgreSql_BM8HdI",
                "customerSegments": [
                    "59119a4b-b87f-4312-9be9-0f76d0ade144"
                ]
            },
            {
                "projectId": "1d36e9a5-88a4-43be-8281-d450d3addd33",
                "projectTitle": "Auto_Proj_dataCrawCatRest_BM8HdI",
                "customerSegments": [
                    "59119a4b-b87f-4312-9be9-0f76d0ade144"
                ]
            },
            {
                "projectId": "21b8bb66-4683-4241-a389-320167193b53",
                "projectTitle": "Auto_Proj_DataIngestion_1c828c",
                "customerSegments": [
                    "59119a4b-b87f-4312-9be9-0f76d0ade144"
                ]
            },
            {
                "projectId": "24d90a0a-10c4-4e1c-8a5d-1bf3d38236ea",
                "projectTitle": "Auto_Proj_S3SFSFBulkIngestComma_m6FO2q",
                "customerSegments": [
                    "59119a4b-b87f-4312-9be9-0f76d0ade144"
                ]
            },
            {
                "projectId": "276bc5db-7fc4-44ca-a632-b25f02ca96ba",
                "projectTitle": "Auto_Proj_PipelineChainingStopPipelineOnStart1_unAWY4",
                "customerSegments": [
                    "59119a4b-b87f-4312-9be9-0f76d0ade144"
                ]
            },
            {
                "projectId": "289f8e78-ac35-46bb-8291-814388ec5d8c",
                "projectTitle": "Auto_Proj_PipelineChainingStopPipelineOnStart1_KL5B1J",
                "customerSegments": [
                    "59119a4b-b87f-4312-9be9-0f76d0ade144"
                ]
            },
            {
                "projectId": "28ee3e4e-c521-4710-8216-60bf857f57f6",
                "projectTitle": "Ktest23",
                "customerSegments": [
                    
                ]
            },
            {
                "projectId": "2949a033-27ff-49ec-b1f7-c05f7af0ee44",
                "projectTitle": "Auto_Proj_S3PqDbS3PqProfAllHN_RR2C90",
                "customerSegments": [
                    "59119a4b-b87f-4312-9be9-0f76d0ade144"
                ]
            },
            {
                "projectId": "2d915782-7450-4364-bfdf-e46e08daefe4",
                "projectTitle": "Auto_Proj_DpParquetLocCatDbADLPar_JQaKwt",
                "customerSegments": [
                    "59119a4b-b87f-4312-9be9-0f76d0ade144"
                ]
            },
            {
                "projectId": "2e844455-c1d6-449e-8112-f16aa85fbf67",
                "projectTitle": "Auto_Proj_PipelineChainingRunPipelineOnSuccess_IjD2FK",
                "customerSegments": [
                    "59119a4b-b87f-4312-9be9-0f76d0ade144"
                ]
            },
            {
                "projectId": "2ed2a326-32f6-4192-b93f-b8f5d4393de6",
                "projectTitle": "Auto_Proj_S3SFSFBulkIngestComma_4OAXoA",
                "customerSegments": [
                    "59119a4b-b87f-4312-9be9-0f76d0ade144"
                ]
            },
            {
                "projectId": "36481d13-4a49-4a65-8462-5d53903b1c34",
                "projectTitle": "Auto_Proj_S3SFBulkIngestSFJson_1n8H4T",
                "customerSegments": [
                    "59119a4b-b87f-4312-9be9-0f76d0ade144"
                ]
            },
            {
                "projectId": "369bed62-3a81-4776-a1ff-196ddc6f8fd8",
                "projectTitle": "Auto_Proj_S3SFBulkIngestSFNullIf_nmDtWu",
                "customerSegments": [
                    "59119a4b-b87f-4312-9be9-0f76d0ade144"
                ]
            },
            {
                "projectId": "3973a58b-2e12-42c4-ae2a-2b5e27ecda1d",
                "projectTitle": "Auto_Proj_KanbanTest_Ijl1q5",
                "customerSegments": [
                    "59119a4b-b87f-4312-9be9-0f76d0ade144"
                ]
            },
            {
                "projectId": "3aa06ace-1fbd-41b7-87b7-19e1c9d772ed",
                "projectTitle": "Auto_Proj_CsvGlobalCatPipeHeadDbADLPar_JQaKwt",
                "customerSegments": [
                    "59119a4b-b87f-4312-9be9-0f76d0ade144"
                ]
            },
            {
                "projectId": "3d43d860-f3da-4e88-86db-6ce2b7fdf3ec",
                "projectTitle": "Auto_Proj_S3SFSFBulkIngestComma_fAqfNa",
                "customerSegments": [
                    "59119a4b-b87f-4312-9be9-0f76d0ade144"
                ]
            },
            {
                "projectId": "3d461404-f14a-4613-a2f7-e6d2c4e679e9",
                "projectTitle": "Auto_Proj_PipelineChainingStopPipelineOnStart_KL5B1J",
                "customerSegments": [
                    "59119a4b-b87f-4312-9be9-0f76d0ade144"
                ]
            },
            {
                "projectId": "3f577b12-2587-4f95-8c33-ac1037c830af",
                "projectTitle": "Auto_Proj_S3SFBulkIngestSFPipe_JqBuQw",
                "customerSegments": [
                    "59119a4b-b87f-4312-9be9-0f76d0ade144"
                ]
            },
            {
                "projectId": "40195764-3307-4bca-be0c-302568cd1ecb",
                "projectTitle": "Auto_Proj_S3SFSFBulkIngestMulCSVComma_f4yeKV",
                "customerSegments": [
                    "59119a4b-b87f-4312-9be9-0f76d0ade144"
                ]
            },
            {
                "projectId": "41866e32-039d-4b01-96c9-388b942a385f",
                "projectTitle": "TestProduct",
                "customerSegments": [
                    
                ]
            },
            {
                "projectId": "42945536-84b6-4eb9-af94-f06bc2b5e3ee",
                "projectTitle": "Auto_Proj_S3SFSFBulkIngestComma_5G9h7W",
                "customerSegments": [
                    "59119a4b-b87f-4312-9be9-0f76d0ade144"
                ]
            },
            {
                "projectId": "448ab790-face-4721-b15d-dd6d0f164c3e",
                "projectTitle": "Auto_Proj_S3SFSFBulkIngestComma_xopuIN",
                "customerSegments": [
                    "59119a4b-b87f-4312-9be9-0f76d0ade144"
                ]
            },
            {
                "projectId": "492f2a86-c3fd-4cf0-ae76-d1d2a520623c",
                "projectTitle": "Auto_Proj_DevStage_ejbr",
                "customerSegments": [
                    "59119a4b-b87f-4312-9be9-0f76d0ade144"
                ]
            },
            {
                "projectId": "49a0d4f9-37b1-468b-97a7-3bbfd5f35766",
                "projectTitle": "Auto_Proj_DevStage_4a4l",
                "customerSegments": [
                    "59119a4b-b87f-4312-9be9-0f76d0ade144"
                ]
            },
            {
                "projectId": "4b2039cc-733c-4fb6-82f7-ca7a3d9833c7",
                "projectTitle": "Auto_Proj_dataCrawCatFTP_BM8HdI",
                "customerSegments": [
                    "59119a4b-b87f-4312-9be9-0f76d0ade144"
                ]
            },
            {
                "projectId": "51d79d68-8348-4df0-8f37-623379555cb0",
                "projectTitle": "Auto_Proj_S3SFSFBulkIngestMulCSVComma_OX9J1E",
                "customerSegments": [
                    "59119a4b-b87f-4312-9be9-0f76d0ade144"
                ]
            },
            {
                "projectId": "5d1b849a-f156-4d0c-a6f0-cd94fe37a094",
                "projectTitle": "Auto_Proj_dataCrawCatOracle_BM8HdI",
                "customerSegments": [
                    "59119a4b-b87f-4312-9be9-0f76d0ade144"
                ]
            },
            {
                "projectId": "5e81e403-06e4-40b0-b73d-02e533f29088",
                "projectTitle": "Auto_Proj_dataCrawCatAwsS3_BM8HdI",
                "customerSegments": [
                    "59119a4b-b87f-4312-9be9-0f76d0ade144"
                ]
            },
            {
                "projectId": "5f03e21d-4e0e-4080-a0d4-a1a5b26b8888",
                "projectTitle": "Auto_Proj_DevStage_fom4",
                "customerSegments": [
                    "59119a4b-b87f-4312-9be9-0f76d0ade144"
                ]
            },
            {
                "projectId": "5fb18f0f-0daf-4f3e-aa6f-aa1575afb918",
                "projectTitle": "Auto_Proj_AwsGitlabKubJenSonarJfTestsTwo_MYwBfR",
                "customerSegments": [
                    "59119a4b-b87f-4312-9be9-0f76d0ade144"
                ]
            },
            {
                "projectId": "60c927bb-f1a2-4cc5-bd90-335798a13f99",
                "projectTitle": "Auto_Proj_S3SFSFBulkIngestComma_jPHpJr",
                "customerSegments": [
                    "59119a4b-b87f-4312-9be9-0f76d0ade144"
                ]
            },
            {
                "projectId": "6100170f-3fb8-4076-b2b0-6b167479f247",
                "projectTitle": "OPTOne",
                "customerSegments": [
                    
                ]
            },
            {
                "projectId": "624832c7-0d3b-4c92-99dd-19702beb980c",
                "projectTitle": "Auto_Proj_dataCrawCatExc_BM8HdI",
                "customerSegments": [
                    "59119a4b-b87f-4312-9be9-0f76d0ade144"
                ]
            },
            {
                "projectId": "62d5ad2f-afef-4c78-ae1a-0c6011e806c9",
                "projectTitle": "Auto_Proj_PipelineChainingRunPipelineOnFailure_IjD2FK",
                "customerSegments": [
                    "59119a4b-b87f-4312-9be9-0f76d0ade144"
                ]
            },
            {
                "projectId": "64575198-5c28-4487-97e8-372d1a6de172",
                "projectTitle": "Auto_Proj_PipelineChainingStopPipelineOnStart_J1Z3o1",
                "customerSegments": [
                    "59119a4b-b87f-4312-9be9-0f76d0ade144"
                ]
            },
            {
                "projectId": "66935a94-c357-434f-a7bc-3fa1be8884de",
                "projectTitle": "Auto_Proj_DevStage_5k93",
                "customerSegments": [
                    "59119a4b-b87f-4312-9be9-0f76d0ade144"
                ]
            },
            {
                "projectId": "6b3c3a29-bcbe-462d-9306-8729983262bc",
                "projectTitle": "Auto_Proj_S3ParDelDbS3PqProfAllHN_t6gbS0",
                "customerSegments": [
                    "59119a4b-b87f-4312-9be9-0f76d0ade144"
                ]
            },
            {
                "projectId": "6c82fcee-f827-4713-b74d-8521c1f5625f",
                "projectTitle": "Auto_Proj_DataIngestion_a857db",
                "customerSegments": [
                    "59119a4b-b87f-4312-9be9-0f76d0ade144"
                ]
            },
            {
                "projectId": "6cfa6741-bb09-4556-9210-412471c6d837",
                "projectTitle": "Auto_Proj_S3SFBulkIngestSFJson_bUq55b",
                "customerSegments": [
                    "59119a4b-b87f-4312-9be9-0f76d0ade144"
                ]
            },
            {
                "projectId": "6e1b075e-8747-4cfd-a7fa-1b34d3f28f34",
                "projectTitle": "Auto_Proj_S3SFSFBulkIngestComma_Z3pMeh",
                "customerSegments": [
                    "59119a4b-b87f-4312-9be9-0f76d0ade144"
                ]
            },
            {
                "projectId": "70c82ff3-3aae-43e6-a59b-054accf3a57f",
                "projectTitle": "Auto_Proj_dataCrawCatCsv_BM8HdI",
                "customerSegments": [
                    "59119a4b-b87f-4312-9be9-0f76d0ade144"
                ]
            },
            {
                "projectId": "713706af-db06-40f3-8d5d-4da1403cf8f7",
                "projectTitle": "Auto_Proj_DataIngestion_90bda4",
                "customerSegments": [
                    "59119a4b-b87f-4312-9be9-0f76d0ade144"
                ]
            },
            {
                "projectId": "73a8f423-622e-45fd-ba3f-5b7508c353cf",
                "projectTitle": "Project20May2026",
                "customerSegments": [
                    "59119a4b-b87f-4312-9be9-0f76d0ade144"
                ]
            },
            {
                "projectId": "74f08f4f-78e6-4f32-b158-c786a3068356",
                "projectTitle": "Auto_Proj_S3SFSFBulkIngestComma_nI8DGy",
                "customerSegments": [
                    "59119a4b-b87f-4312-9be9-0f76d0ade144"
                ]
            },
            {
                "projectId": "79ef0aac-d94a-490a-b26c-f55355c9b4e1",
                "projectTitle": "Auto_Proj_DevStage_zjhv",
                "customerSegments": [
                    "59119a4b-b87f-4312-9be9-0f76d0ade144"
                ]
            },
            {
                "projectId": "7ab983ba-5f7d-4a6a-be50-67fbb91dfc68",
                "projectTitle": "Auto_Proj_PipelineChainingStopPipelineOnSuccess_unAWY4",
                "customerSegments": [
                    "59119a4b-b87f-4312-9be9-0f76d0ade144"
                ]
            },
            {
                "projectId": "7b50aedd-f55b-46ef-926c-c11434c71683",
                "projectTitle": "Auto_Proj_PipelineChainingStopPipelineOnSuccess_KL5B1J",
                "customerSegments": [
                    "59119a4b-b87f-4312-9be9-0f76d0ade144"
                ]
            },
            {
                "projectId": "7bbf68c2-df61-4503-b164-ad966886c1c6",
                "projectTitle": "Auto_Proj_S3DtDbS3PqQaThree_BhLR9s",
                "customerSegments": [
                    "59119a4b-b87f-4312-9be9-0f76d0ade144"
                ]
            },
            {
                "projectId": "7bf3703b-56f9-4f79-862d-5e156b0626a6",
                "projectTitle": "Auto_Proj_S3SFBulkIngestSFJson_HiEstN",
                "customerSegments": [
                    "59119a4b-b87f-4312-9be9-0f76d0ade144"
                ]
            },
            {
                "projectId": "7e8a64fb-c414-43ff-b58f-c3c1bba247ae",
                "projectTitle": "DeployDemo",
                "customerSegments": [
                    
                ]
            },
            {
                "projectId": "7f8106d1-ae8d-4c3c-b2a3-9810ada94dc0",
                "projectTitle": "Auto_Proj_S3SFSFBulkIngestMulCSVComma_UYsr14",
                "customerSegments": [
                    "59119a4b-b87f-4312-9be9-0f76d0ade144"
                ]
            },
            {
                "projectId": "8806c78d-0567-43da-b6ff-79bc92c99588",
                "projectTitle": "Auto_Proj_S3DtDbS3PqQaThree_CkWljh",
                "customerSegments": [
                    "59119a4b-b87f-4312-9be9-0f76d0ade144"
                ]
            },
            {
                "projectId": "8d0d44c3-79fa-467c-8550-8d0de0c9e069",
                "projectTitle": "Auto_Proj_DevStage_adru",
                "customerSegments": [
                    "59119a4b-b87f-4312-9be9-0f76d0ade144"
                ]
            },
            {
                "projectId": "8e0dfe31-2137-4d53-b9e4-1ac50c314ca8",
                "projectTitle": "Ktest32",
                "customerSegments": [
                    
                ]
            },
            {
                "projectId": "8e828e9e-08d9-4974-ad9d-f1737e2b0ad9",
                "projectTitle": "Auto_Proj_S3PqDbS3PqProfAllHP_yrLK1W",
                "customerSegments": [
                    "59119a4b-b87f-4312-9be9-0f76d0ade144"
                ]
            },
            {
                "projectId": "901c3727-7d47-427b-a118-b94a527eacaa",
                "projectTitle": "Auto_Proj_PipelineChainingStopPipelineOnSuccess_IjD2FK",
                "customerSegments": [
                    "59119a4b-b87f-4312-9be9-0f76d0ade144"
                ]
            },
            {
                "projectId": "9376cd47-dd14-499e-b83f-51c8c38555e7",
                "projectTitle": "Auto_Proj_DataIngestion_53cc65",
                "customerSegments": [
                    "59119a4b-b87f-4312-9be9-0f76d0ade144"
                ]
            },
            {
                "projectId": "9568eddc-5ceb-4ccc-889a-4a61f7d5099e",
                "projectTitle": "Auto_Proj_DpParquetDbSfAppend_F61hc4",
                "customerSegments": [
                    "59119a4b-b87f-4312-9be9-0f76d0ade144"
                ]
            },
            {
                "projectId": "9744e588-26f7-42d7-8f8f-72b027dfefba",
                "projectTitle": "Auto_Proj_S3SFSFBulkIngest21_16pxvB",
                "customerSegments": [
                    "59119a4b-b87f-4312-9be9-0f76d0ade144"
                ]
            },
            {
                "projectId": "97bb1e09-a669-43a3-baaf-a1a04319cf5f",
                "projectTitle": "Auto_Proj_S3SFSFBulkIngestSFPQ_fZsLS4",
                "customerSegments": [
                    "59119a4b-b87f-4312-9be9-0f76d0ade144"
                ]
            },
            {
                "projectId": "9ab49a3a-ae64-4c45-850e-6c4641f4a22e",
                "projectTitle": "Auto_Proj_S3SFBulkIngestSFMulCSVPipe_Rmw4GI",
                "customerSegments": [
                    "59119a4b-b87f-4312-9be9-0f76d0ade144"
                ]
            },
            {
                "projectId": "9ac0ef0a-7fc2-49c6-884d-953888e28cd1",
                "projectTitle": "Auto_Proj_DataIngestion_dd73f6",
                "customerSegments": [
                    "59119a4b-b87f-4312-9be9-0f76d0ade144"
                ]
            },
            {
                "projectId": "9bea9599-d775-4fcb-bc02-48e68d9997a3",
                "projectTitle": "Auto_Proj_S3SFSFBulkIngestMulCSVComma_NNr8JJ",
                "customerSegments": [
                    "59119a4b-b87f-4312-9be9-0f76d0ade144"
                ]
            },
            {
                "projectId": "9e7b4df3-bd84-4c0e-8c3c-92e709b3889b",
                "projectTitle": "Auto_Proj_S3SFSFBulkIngestComma_newyork",
                "customerSegments": [
                    "59119a4b-b87f-4312-9be9-0f76d0ade144"
                ]
            },
            {
                "projectId": "9edd45a2-740a-4258-a650-fa56a1b21336",
                "projectTitle": "Auto_Proj_S3SFSFBulkIngestComma_dbssqew",
                "customerSegments": [
                    "5af480af-4a4d-47d4-a69c-719840280e04"
                ]
            },
            {
                "projectId": "9fbbe19f-a444-4466-bd48-226c9ed22479",
                "projectTitle": "Auto_Proj_ProjDocfOPe8W",
                "customerSegments": [
                    "59119a4b-b87f-4312-9be9-0f76d0ade144"
                ]
            },
            {
                "projectId": "a1461cf0-3ff8-4bb0-bd37-b745d7074d8f",
                "projectTitle": "Auto_Proj_S3SFSFBulkIngestCommaN_futadsd",
                "customerSegments": [
                    "59119a4b-b87f-4312-9be9-0f76d0ade144"
                ]
            },
            {
                "projectId": "a3fc7d88-4b08-424e-9499-8ff01ee10cdf",
                "projectTitle": "Auto_Proj_S3SFBulkIngestSFMulJson_FtboES",
                "customerSegments": [
                    "59119a4b-b87f-4312-9be9-0f76d0ade144"
                ]
            },
            {
                "projectId": "a7332034-7677-4098-8ead-e716c8079963",
                "projectTitle": "Auto_Proj_PipelineChainingStopPipelineOnStart_IjD2FK",
                "customerSegments": [
                    "59119a4b-b87f-4312-9be9-0f76d0ade144"
                ]
            },
            {
                "projectId": "a9ab6b12-f45c-47b8-842f-94180e75b9c8",
                "projectTitle": "Auto_Proj_S3SFSFBulkIngestMulCSVComma_nSB7nQ",
                "customerSegments": [
                    "59119a4b-b87f-4312-9be9-0f76d0ade144"
                ]
            },
            {
                "projectId": "abc8fbb4-bdc1-4a41-b3cb-90153e0286f3",
                "projectTitle": "Auto_Proj_S3SFSFBulkIngestComma_rBkygV",
                "customerSegments": [
                    "59119a4b-b87f-4312-9be9-0f76d0ade144"
                ]
            },
            {
                "projectId": "ae204728-dfd3-471a-ad52-e8de0289cc62",
                "projectTitle": "Ktest40",
                "customerSegments": [
                    
                ]
            },
            {
                "projectId": "aef5582c-84d6-4a68-a1f4-6919ddae2371",
                "projectTitle": "Auto_Proj_DataIngestion_08b876",
                "customerSegments": [
                    "59119a4b-b87f-4312-9be9-0f76d0ade144"
                ]
            },
            {
                "projectId": "b06560f7-9d28-44eb-b112-a54729c40994",
                "projectTitle": "Auto_Proj_PipelineChainingStopPipelineOnStart1_IjD2FK",
                "customerSegments": [
                    "59119a4b-b87f-4312-9be9-0f76d0ade144"
                ]
            },
            {
                "projectId": "b3abe7de-69a9-4c62-8abc-a66b33a7c568",
                "projectTitle": "Ktest19",
                "customerSegments": [
                    
                ]
            },
            {
                "projectId": "b7e676d8-60e0-411c-b808-79bfcbfe44a1",
                "projectTitle": "Auto_Proj_parquetCrCt_BM8HdI",
                "customerSegments": [
                    "59119a4b-b87f-4312-9be9-0f76d0ade144"
                ]
            },
            {
                "projectId": "b94732a9-0de5-4e13-b0f7-770b1e3b1669",
                "projectTitle": "Auto_Proj_S3SFSFBulkIngestMulCSVComma_9BKAqw",
                "customerSegments": [
                    "59119a4b-b87f-4312-9be9-0f76d0ade144"
                ]
            },
            {
                "projectId": "baf3813d-ff02-4dad-bb64-8ea09164e3b5",
                "projectTitle": "Auto_Proj_S3PqDbS3PqProfAllHP_JY8IPJ",
                "customerSegments": [
                    "59119a4b-b87f-4312-9be9-0f76d0ade144"
                ]
            },
            {
                "projectId": "bd495986-c1d7-43b0-ac91-deba408c8a6d",
                "projectTitle": "Auto_Proj_ProjDoctbOApj",
                "customerSegments": [
                    "59119a4b-b87f-4312-9be9-0f76d0ade144"
                ]
            },
            {
                "projectId": "c1f21ee3-6e91-4e2e-be79-bec7cb113d42",
                "projectTitle": "Auto_Proj_DataIngestion_d037a5",
                "customerSegments": [
                    "59119a4b-b87f-4312-9be9-0f76d0ade144"
                ]
            },
            {
                "projectId": "c4264bc7-e38d-4e34-b462-e00a10888629",
                "projectTitle": "Auto_Proj_S3SFSFBulkIngestComma_fsjjXY",
                "customerSegments": [
                    "59119a4b-b87f-4312-9be9-0f76d0ade144"
                ]
            },
            {
                "projectId": "c72ea64f-bea8-4543-b34c-abc3bb931b19",
                "projectTitle": "Auto_Proj_S3SFSFBulkIngestComma_9QHjxh",
                "customerSegments": [
                    "59119a4b-b87f-4312-9be9-0f76d0ade144"
                ]
            },
            {
                "projectId": "c9b7572f-da94-4651-80b4-a137ab1cc184",
                "projectTitle": "AutomationTesting",
                "customerSegments": [
                    
                ]
            },
            {
                "projectId": "cb77c1fc-a0f1-4340-94d7-45ef51cfcd30",
                "projectTitle": "Auto_Proj_S3SFBulkIngestSFJson_8EUDTM",
                "customerSegments": [
                    "59119a4b-b87f-4312-9be9-0f76d0ade144"
                ]
            },
            {
                "projectId": "cdf05133-4e19-4247-b96b-1888d0920878",
                "projectTitle": "Auto_Proj_S3SFBulkIngestSFabc_8EUDTM",
                "customerSegments": [
                    "59119a4b-b87f-4312-9be9-0f76d0ade144"
                ]
            },
            {
                "projectId": "cf950238-14d5-4765-b1ad-b1201509c85c",
                "projectTitle": "Auto_Proj_DpCsvDbS3Overwrite_sfK12V",
                "customerSegments": [
                    "59119a4b-b87f-4312-9be9-0f76d0ade144"
                ]
            },
            {
                "projectId": "d0c6d48a-efd9-432b-b647-4fe06a4d489d",
                "projectTitle": "Auto_Proj_S3SFSFBulkIngestComma_Jks8C2",
                "customerSegments": [
                    "59119a4b-b87f-4312-9be9-0f76d0ade144"
                ]
            },
            {
                "projectId": "d414453a-c134-47f6-93f3-2ceda1108899",
                "projectTitle": "Auto_Proj_dataCrawCatMySQL_BM8HdI",
                "customerSegments": [
                    "59119a4b-b87f-4312-9be9-0f76d0ade144"
                ]
            },
            {
                "projectId": "d4fba6c0-0fe5-4a06-ac2b-9a6eab96e64e",
                "projectTitle": "Auto_Proj_ProjDocNfoFEG",
                "customerSegments": [
                    "59119a4b-b87f-4312-9be9-0f76d0ade144"
                ]
            },
            {
                "projectId": "d72d826b-da51-4773-8e68-bda0ba1d12c7",
                "projectTitle": "Auto_Proj_JavaTechAwsGitlabKubJenSonarJfTestsTwo_kCLO93",
                "customerSegments": [
                    "59119a4b-b87f-4312-9be9-0f76d0ade144"
                ]
            },
            {
                "projectId": "d7f2d64a-ac07-44e4-8026-6085e56f701f",
                "projectTitle": "Auto_Proj_dataCrawCatMsSql_BM8HdI",
                "customerSegments": [
                    "59119a4b-b87f-4312-9be9-0f76d0ade144"
                ]
            },
            {
                "projectId": "d9749272-2c4f-440f-9aa6-a9d3f05a9612",
                "projectTitle": "Auto_Proj_DataIngestion_16452e",
                "customerSegments": [
                    "59119a4b-b87f-4312-9be9-0f76d0ade144"
                ]
            },
            {
                "projectId": "d9df88cc-8bed-4f63-a266-4000c809805f",
                "projectTitle": "Auto_Proj_S3SFSFBulkIngestTab_CxswPd",
                "customerSegments": [
                    "59119a4b-b87f-4312-9be9-0f76d0ade144"
                ]
            },
            {
                "projectId": "da3311af-058f-4401-9a71-ff190ef8f1d5",
                "projectTitle": "Auto_Proj_S3SFSFBulkIngestComma_y1lKEU",
                "customerSegments": [
                    "59119a4b-b87f-4312-9be9-0f76d0ade144"
                ]
            },
            {
                "projectId": "dc598ff8-5a2f-4bbd-995b-4478c7c601db",
                "projectTitle": "Auto_Proj_PipelineChainingStopPipelineOnStart_unAWY4",
                "customerSegments": [
                    "59119a4b-b87f-4312-9be9-0f76d0ade144"
                ]
            },
            {
                "projectId": "dc62f4f3-c62f-4010-a435-d16e86d3f2f4",
                "projectTitle": "Auto_Proj_DataIngestion_70bc90",
                "customerSegments": [
                    "59119a4b-b87f-4312-9be9-0f76d0ade144"
                ]
            },
            {
                "projectId": "e0157b08-6f15-48bb-88f7-9bd36be92dfb",
                "projectTitle": "Auto_Proj_S3DtDbS3PqValSix_efrUZp",
                "customerSegments": [
                    "59119a4b-b87f-4312-9be9-0f76d0ade144"
                ]
            },
            {
                "projectId": "e3382de0-5ee5-4ba2-a37d-d73d62ce9902",
                "projectTitle": "Auto_Proj_ProjDocH9bia9",
                "customerSegments": [
                    "59119a4b-b87f-4312-9be9-0f76d0ade144"
                ]
            },
            {
                "projectId": "e844a74c-dea2-4980-9706-d337e5977b2c",
                "projectTitle": "Auto_Proj_dataCrawCatSnowflake_BM8HdI",
                "customerSegments": [
                    "59119a4b-b87f-4312-9be9-0f76d0ade144"
                ]
            },
            {
                "projectId": "eba14b9a-2d3c-4ec0-96de-b5cd70cb1e4b",
                "projectTitle": "Auto_Proj_S3SFBulkIngestSFNullIf_iKGJDn",
                "customerSegments": [
                    "59119a4b-b87f-4312-9be9-0f76d0ade144"
                ]
            },
            {
                "projectId": "edc2c973-a279-4248-ac9d-def7fde720e3",
                "projectTitle": "Auto_Proj_PipelineChainingStopPipelineOnStart1_J1Z3o1",
                "customerSegments": [
                    "59119a4b-b87f-4312-9be9-0f76d0ade144"
                ]
            },
            {
                "projectId": "eeac7013-5280-4520-8cae-438f644fd10f",
                "projectTitle": "Auto_Proj_PipelineChainingStopPipelineOnStart1_buEMGg",
                "customerSegments": [
                    "59119a4b-b87f-4312-9be9-0f76d0ade144"
                ]
            },
            {
                "projectId": "ef520297-4daf-4fb1-a39a-2a4df38e6efa",
                "projectTitle": "Auto_Proj_DataIngestion_537b4a",
                "customerSegments": [
                    "59119a4b-b87f-4312-9be9-0f76d0ade144"
                ]
            },
            {
                "projectId": "f26174f0-938d-4bee-a75c-1e94bd7b6e3e",
                "projectTitle": "Auto_Proj_DpMySqlConfDstHistIncrDbADLPar_U7BxvY",
                "customerSegments": [
                    "59119a4b-b87f-4312-9be9-0f76d0ade144"
                ]
            },
            {
                "projectId": "f2c62fa7-0095-4c33-9d4a-b6dcac675964",
                "projectTitle": "Auto_Proj_DataIngestion_5fdc09",
                "customerSegments": [
                    "59119a4b-b87f-4312-9be9-0f76d0ade144"
                ]
            },
            {
                "projectId": "f324eded-32fe-4ae8-b514-1e178fa0b274",
                "projectTitle": "TestingfailedscriptinJenkins",
                "customerSegments": [
                    
                ]
            },
            {
                "projectId": "f385da1b-4f41-4c7b-94dd-8795e24995c4",
                "projectTitle": "Auto_Proj_DataIngestion_8f0207",
                "customerSegments": [
                    "59119a4b-b87f-4312-9be9-0f76d0ade144"
                ]
            },
            {
                "projectId": "f42f3d9b-f4f0-4b11-9228-16b1e60f3c06",
                "projectTitle": "Auto_Proj_S3SFSFBulkIngest21_9n7ut4",
                "customerSegments": [
                    "59119a4b-b87f-4312-9be9-0f76d0ade144"
                ]
            },
            {
                "projectId": "f60586e8-f83a-43df-bde5-d871d0de4711",
                "projectTitle": "Auto_Proj_S3DtDbS3PqAppCoDis_JrTQIq",
                "customerSegments": [
                    "59119a4b-b87f-4312-9be9-0f76d0ade144"
                ],
                "milestones": [
                    {
                        "milestoneId": "254c6e7f-eb54-49f5-abd4-6dd2d53636a6",
                        "milestoneTitle": "Milstone 1",
                        "startsOn": 1782066600000,
                        "endsOn": 1785522599000
                    }
                ]
            },
            {
                "projectId": "f802bef3-8845-4e3d-a479-a71211a28e63",
                "projectTitle": "Auto_Proj_JavaTechAwsGitlabKubJenSonarJfTestsThree_c0bTuq",
                "customerSegments": [
                    "59119a4b-b87f-4312-9be9-0f76d0ade144"
                ]
            },
            {
                "projectId": "fa534581-4c6d-4d13-8102-db61dd08eda9",
                "projectTitle": "Auto_Proj_DataIngestion_a5b5e8",
                "customerSegments": [
                    "59119a4b-b87f-4312-9be9-0f76d0ade144"
                ]
            },
            {
                "projectId": "fb0b982e-ad8c-4e46-b75c-ba8b06571f3b",
                "projectTitle": "Auto_Proj_PipelineChainingStopPipelineOnStart_buEMGg",
                "customerSegments": [
                    "59119a4b-b87f-4312-9be9-0f76d0ade144"
                ]
            }
        ]
    },
    {
        "portfolioId": "70a62413-f3b3-41a4-befb-0d2c247c806b",
        "portfolioTitle": "ranju"
    },
    {
        "portfolioId": "894c6adb-b358-4619-9925-df385d15c1b5",
        "portfolioTitle": "testPF1"
    },
    {
        "portfolioId": "8e48281e-f0c0-494b-b2d1-993cc43655cd",
        "portfolioTitle": "UIAutomationPermanentPortfolio",
        "projects": [
            {
                "projectId": "10b7eb06-66ed-49b3-96b7-53e670f7b810",
                "projectTitle": "KiranAPITesting",
                "customerSegments": [
                    
                ]
            },
            {
                "projectId": "ee0cbe46-94e5-42a5-9319-183c0bc6c77d",
                "projectTitle": "KiranUiTesting",
                "customerSegments": [
                    
                ]
            }
        ]
    },
    {
        "portfolioId": "9e25b98a-aa6f-4576-805d-66f67d41a739",
        "portfolioTitle": "test",
        "projects": [
            {
                "projectId": "03cbaa9c-4cac-484e-ac0c-4bf13af97287",
                "projectTitle": "testkhush",
                "customerSegments": [
                    
                ]
            },
            {
                "projectId": "148938fc-0bfa-4929-96e8-5c6591d05e1d",
                "projectTitle": "test -123",
                "customerSegments": [
                    
                ]
            }
        ]
    },
    {
        "portfolioId": "a02cef5e-1ea1-4ac6-9478-c2c7dcc9ac6d",
        "portfolioTitle": "PL_Auto_RD_w8hGll"
    },
    {
        "portfolioId": "a0888cef-eb5a-487d-97db-55645a2e1d73",
        "portfolioTitle": "sx"
    },
    {
        "portfolioId": "a3a4fbcc-e93b-45e1-a379-9e41a5b39c58",
        "portfolioTitle": "PL_Optional_Auto_0khyXm",
        "projects": [
            {
                "projectId": "6cb689f8-ee62-4b9b-a5e2-b34465b6b9cf",
                "projectTitle": "ProductForPLTest0khyXm",
                "customerSegments": [
                    "59119a4b-b87f-4312-9be9-0f76d0ade144"
                ],
                "milestones": [
                    {
                        "milestoneId": "804f42cc-1ad4-47df-8e4c-5a94b2de0e29",
                        "milestoneTitle": "1st",
                        "startsOn": 1785695400000,
                        "endsOn": 1786213800000
                    }
                ]
            }
        ]
    },
    {
        "portfolioId": "a84477c5-37c2-4c1e-8920-6220eb73babd",
        "portfolioTitle": "Automation E2E Product Portfolio",
        "projects": [
            {
                "projectId": "0c152915-1cca-465b-91dd-3a4fafdcd0d7",
                "projectTitle": "Automation E2E Product",
                "customerSegments": [
                    
                ]
            }
        ]
    },
    {
        "portfolioId": "b3e92d20-83d6-4dae-93b5-d7512aaa5bab",
        "portfolioTitle": "ApicollectionPorfolito",
        "projects": [
            {
                "projectId": "356f5c88-8f56-428b-b7e4-09cc571b0578",
                "projectTitle": "sdsds",
                "customerSegments": [
                    
                ]
            },
            {
                "projectId": "78dc7b57-321d-48d1-88f0-69fe7397eef6",
                "projectTitle": "ApicollectionProduct",
                "customerSegments": [
                    
                ]
            },
            {
                "projectId": "abc5ce27-43c9-466f-afd4-eabc515522c2",
                "projectTitle": "apicollectionportlollio8",
                "customerSegments": [
                    
                ]
            },
            {
                "projectId": "b507bd80-aaf5-4e76-a35e-c7f6821fd634",
                "projectTitle": "apicollectionportlollio9",
                "customerSegments": [
                    
                ]
            }
        ]
    },
    {
        "portfolioId": "b578f82a-5aac-4a6b-ba29-248fedf0894d",
        "portfolioTitle": "testPFKhushboo",
        "projects": [
            {
                "projectId": "25ec9f90-100e-4a98-80b7-ebf56ba4c07f",
                "projectTitle": "TestProductKhushboo",
                "customerSegments": [
                    
                ]
            }
        ]
    },
    {
        "portfolioId": "babb9459-7377-48b0-bf2e-0e85082544e8",
        "portfolioTitle": "PL_Auto_Validation_0khyXmEdit",
        "projects": [
            {
                "projectId": "65684cd5-6c04-44d6-a1e5-56b34af58066",
                "projectTitle": "OperationProject__NPL_0khyXm",
                "customerSegments": [
                    
                ]
            }
        ]
    },
    {
        "portfolioId": "d6b2e379-1405-4c78-9b8c-d1854740c09f",
        "portfolioTitle": "Ktest41",
        "projects": [
            {
                "projectId": "219e8914-106f-45e9-bf64-66e28133c7d9",
                "projectTitle": "fdaaf",
                "customerSegments": [
                    
                ]
            },
            {
                "projectId": "b121c76c-0084-492e-8a64-cc86c8dbffaf",
                "projectTitle": "Ktest41",
                "customerSegments": [
                    
                ]
            }
        ]
    },
    {
        "portfolioId": "dc851d36-34f9-47ad-b94f-36c378833b04",
        "portfolioTitle": "tests"
    },
    {
        "portfolioId": "de529033-8c0b-4e3a-a0cf-5c9ebc236d6c",
        "portfolioTitle": "ds",
        "projects": [
            {
                "projectId": "26151613-e3ca-4600-b8f1-5a8cea5f3d8d",
                "projectTitle": "edws",
                "customerSegments": [
                    
                ]
            }
        ]
    },
    {
        "portfolioId": "e179fab4-a4e2-487d-94b2-268022f19568",
        "portfolioTitle": "Adai-Portfolio",
        "projects": [
            {
                "projectId": "6e16f07b-0b33-4392-9e74-0938f77dda4c",
                "projectTitle": "NewProduct5",
                "customerSegments": [
                    
                ]
            },
            {
                "projectId": "a0d3feb0-7f1c-4f56-8424-da61b1a47130",
                "projectTitle": "Adai-Product-1",
                "customerSegments": [
                    
                ]
            },
            {
                "projectId": "cb8a6950-1ada-4540-9fba-d790a01a5a69",
                "projectTitle": "Prodcut4",
                "customerSegments": [
                    
                ]
            },
            {
                "projectId": "fc60295b-5acf-40a7-949a-b0415edbdb8b",
                "projectTitle": "Data-quality-test",
                "customerSegments": [
                    
                ]
            }
        ]
    },
    {
        "portfolioId": "e56719b2-37a3-4541-98c2-f62ab970e8c4",
        "portfolioTitle": "Siddeshbelura_NewProduct",
        "projects": [
            {
                "projectId": "329bc83e-065d-4fb2-bfd8-261288491013",
                "projectTitle": "DevSecOpsProdcut",
                "customerSegments": [
                    "59119a4b-b87f-4312-9be9-0f76d0ade144"
                ]
            },
            {
                "projectId": "3f10a08e-24bd-4928-acc7-e034f50f335a",
                "projectTitle": "Siddesh AI-MLProject",
                "customerSegments": [
                    
                ]
            },
            {
                "projectId": "b3649d7a-43b2-4be2-8d19-071c8e6341d7",
                "projectTitle": "AndroidAutomationProject",
                "customerSegments": [
                    
                ]
            }
        ]
    },
    {
        "portfolioId": "ed3ac135-c06b-43f8-a442-942b925e3a59",
        "portfolioTitle": "APiDemoPorfofilo",
        "projects": [
            {
                "projectId": "1e0e83fe-0c1d-4032-b492-6e192b7377ec",
                "projectTitle": "ApidemoProdcut3",
                "customerSegments": [
                    
                ]
            },
            {
                "projectId": "be6aad01-f6c9-4928-be87-125d7a543a4e",
                "projectTitle": "ApidemoProdcut1",
                "customerSegments": [
                    
                ]
            },
            {
                "projectId": "fcb0eab8-aeb4-4a00-b4dc-32e387687807",
                "projectTitle": "ApidemoProdcut2",
                "customerSegments": [
                    
                ]
            }
        ]
    },
    {
        "portfolioId": "eec4e2b2-58c7-4bb1-b987-9121af32f4f2",
        "portfolioTitle": "TestPf"
    },
    {
        "portfolioId": "fbe404dc-91c2-4d99-ad0a-62290026747d",
        "portfolioTitle": "RanjuAutomation",
        "projects": [
            {
                "projectId": "0cd22af0-9242-4359-b773-277558a6cbd5",
                "projectTitle": "RanjuProd",
                "customerSegments": [
                    
                ]
            },
            {
                "projectId": "0ea77b6a-36d2-4e90-9a8a-d655e5497c88",
                "projectTitle": "TestDefects",
                "customerSegments": [
                    
                ]
            },
            {
                "projectId": "1e547361-4ffc-471e-823b-4d0eac8546ab",
                "projectTitle": "TESTBULKINGEST",
                "customerSegments": [
                    
                ]
            },
            {
                "projectId": "37d84633-fe75-4d6b-aad9-562b38cc0bd3",
                "projectTitle": "testchain2",
                "customerSegments": [
                    
                ]
            },
            {
                "projectId": "e12e4480-674c-43fe-9470-dfa1e6925391",
                "projectTitle": "DataPiplineStudio-AutomationTenent",
                "customerSegments": [
                    
                ]
            }
        ]
    }
]
03 Aug 2026 21:03:08,060 TestListener: 
Suite Execution Summary: 
Passed / Failed / Skipped / Total Tests: 37 / 0 / 0 / 41

Test Case: suites.productLine.ProductLineTests.getRoadMapDetails — PASSED
Execution Time: 4.34 seconds

03 Aug 2026 21:03:08,062 TestListener: 
--------------------------------------------------------------------------------
************************** Running Now **************************************
--------------------------------------------------------------------------------
Test Case Number in Current Execution: 38 / 41
Test Case Name: suites.productLine.ProductLineTests.get_all_productLine
Test Case Groups: [regression, PRO_REGRESSION, PRO_PRODUCT_PORTFOLIO]
--------------------------------------------------------------------------------

03 Aug 2026 21:03:09,493 MainUtils: GET https://accelerate-qa.calibo.com/elab/portfolios?limit=10&offset=0&sort=desc
03 Aug 2026 21:03:09,494 MainUtils: Response Status => HTTP/1.1 200 
03 Aug 2026 21:03:09,494 MainUtils: Response Header: X-Traceid => 6a70b4b5fe5f414ecbaaa394f840bbbd
03 Aug 2026 21:03:09,497 MainUtils: 
 Response Body => {
    "portfolios": [
        {
            "id": "babb9459-7377-48b0-bf2e-0e85082544e8",
            "code": "c5f68417-51c2-486f-b8ed-ff7af605f933",
            "title": "PL_Auto_Validation_0khyXmEdit",
            "description": "Automation Testing Product line Description",
            "strategy": "Automation Testing Strategy",
            "visibility": true,
            "portfolioLogoId": "c4e8d21f-3089-402c-859e-7610d7f5f721",
            "priority": "LOW",
            "value": 100.00,
            "currency": "USD",
            "createdBy": "api.automation@calibo.com",
            "name": "API Automation",
            "createdOn": "2026-08-03T15:32:06",
            "workflowEnabled": false,
            "workflowStatus": "NONE",
            "projectCount": 1,
            "additionalAttributes": [
                
            ]
        },
        {
            "id": "a3a4fbcc-e93b-45e1-a379-9e41a5b39c58",
            "code": "1ba9b44d-896e-4e26-b575-4735e991a999",
            "title": "PL_Optional_Auto_0khyXm",
            "description": "Automation Testing Product line Description Optional",
            "businessOutcome": "Automation Testing Business Outcome Optional",
            "strategy": "Automation Testing Strategy Optional",
            "visibility": true,
            "priority": "HIGH",
            "value": 200.00,
            "currency": "USD",
            "createdBy": "api.automation@calibo.com",
            "name": "API Automation",
            "createdOn": "2026-08-03T15:32:01",
            "workflowEnabled": false,
            "workflowStatus": "NONE",
            "projectCount": 1,
            "additionalAttributes": [
                
            ]
        },
        {
            "id": "30f7227f-c202-4896-be51-21ad25f2f7df",
            "code": "b8a486dc-a80a-4aab-8bdc-ca80677d9a53",
            "title": "PL_Auto_0khyXm edit",
            "description": "Automation Testing Product line Description edit",
            "strategy": "Automation Testing Strategy",
            "visibility": true,
            "agileKey": "LAZ",
            "priority": "LOW",
            "value": 100.00,
            "currency": "USD",
            "createdBy": "api.automation@calibo.com",
            "name": "API Automation",
            "createdOn": "2026-08-03T15:31:53",
            "workflowEnabled": false,
            "workflowStatus": "NONE",
            "projectCount": 0,
            "additionalAttributes": [
                
            ]
        },
        {
            "id": "a84477c5-37c2-4c1e-8920-6220eb73babd",
            "code": "d911decd-cb4c-4179-95e4-0a37988014e6",
            "title": "Automation E2E Product Portfolio",
            "description": "Automation E2E Product Portfolio",
            "visibility": false,
            "priority": "MEDIUM",
            "value": 0.00,
            "currency": "USD",
            "createdBy": "api.automation@calibo.com",
            "name": "API Automation",
            "createdOn": "2026-08-03T14:58:35",
            "workflowEnabled": false,
            "workflowStatus": "NONE",
            "projectCount": 1,
            "additionalAttributes": [
                
            ]
        },
        {
            "id": "50042a39-b995-4e84-ac93-570a05d4c960",
            "code": "6d57dc2f-260c-4606-9022-d8a2a6c362ae",
            "title": "zczcc",
            "description": "zczcc",
            "businessOutcome": "zxczxc",
            "visibility": false,
            "priority": "HIGH",
            "value": 0.00,
            "currency": "USD",
            "createdBy": "api.automation@calibo.com",
            "name": "API Automation",
            "createdOn": "2026-08-03T13:39:03",
            "workflowEnabled": false,
            "workflowStatus": "NONE",
            "projectCount": 0,
            "additionalAttributes": [
                
            ]
        },
        {
            "id": "526101df-baea-4932-afde-b9bd9a09ee8d",
            "code": "95151a08-0cbc-4439-acf0-c8fe57cb4508",
            "title": "test29",
            "description": "asd",
            "businessOutcome": "sd",
            "visibility": false,
            "priority": "MEDIUM",
            "value": 0.00,
            "currency": "USD",
            "createdBy": "api.automation@calibo.com",
            "name": "API Automation",
            "createdOn": "2026-08-03T13:35:54",
            "workflowEnabled": false,
            "workflowStatus": "NONE",
            "projectCount": 0,
            "additionalAttributes": [
                
            ]
        },
        {
            "id": "de529033-8c0b-4e3a-a0cf-5c9ebc236d6c",
            "code": "0e301732-6110-428a-831c-6a0448b3276e",
            "title": "ds",
            "description": "dsf",
            "visibility": false,
            "portfolioLogoId": "",
            "priority": "MEDIUM",
            "value": 0.00,
            "currency": "USD",
            "createdBy": "kmotwani.ext@calibo.com",
            "name": "Khushboo Motwani",
            "createdOn": "2026-08-03T10:57:41",
            "workflowEnabled": false,
            "workflowStatus": "NONE",
            "projectCount": 1,
            "additionalAttributes": [
                
            ]
        },
        {
            "id": "a0888cef-eb5a-487d-97db-55645a2e1d73",
            "code": "9b3e8554-c7e5-4ff6-b029-054523784546",
            "title": "sx",
            "description": "xcx",
            "visibility": false,
            "priority": "MEDIUM",
            "value": 0.00,
            "currency": "USD",
            "createdBy": "sibelura.ext@calibo.com",
            "name": "Siddesh Belura",
            "createdOn": "2026-07-30T08:42:50",
            "workflowEnabled": false,
            "workflowStatus": "NONE",
            "projectCount": 0,
            "additionalAttributes": [
                
            ]
        },
        {
            "id": "10e83f9c-76b4-47cc-ad92-034a7545046e",
            "code": "bd3842f5-837f-43cc-b32b-188fddf63205",
            "title": "ApicollectionPorfolito4",
            "description": "ApicollectionPorfolito4",
            "visibility": false,
            "priority": "MEDIUM",
            "currency": "USD",
            "createdBy": "sibelura.ext@calibo.com",
            "name": "Siddesh Belura",
            "createdOn": "2026-07-30T07:15:20",
            "workflowEnabled": false,
            "workflowStatus": "NONE",
            "projectCount": 0,
            "additionalAttributes": [
                
            ]
        },
        {
            "id": "2b89f6c0-a3b5-491e-83c6-33fe5be5724c",
            "code": "479cbf97-6f00-4778-91e4-40a451cc1d6c",
            "title": "ApicollectionPorfolito3",
            "description": "ApicollectionPorfolito2",
            "visibility": false,
            "priority": "MEDIUM",
            "currency": "USD",
            "createdBy": "sibelura.ext@calibo.com",
            "name": "Siddesh Belura",
            "createdOn": "2026-07-30T07:12:39",
            "workflowEnabled": false,
            "workflowStatus": "NONE",
            "projectCount": 1,
            "additionalAttributes": [
                
            ]
        }
    ],
    "totalElements": 32,
    "totalPages": 4
}
03 Aug 2026 21:03:09,520 TestListener: 
Suite Execution Summary: 
Passed / Failed / Skipped / Total Tests: 38 / 0 / 0 / 41

Test Case: suites.productLine.ProductLineTests.get_all_productLine — PASSED
Execution Time: 1.46 seconds

03 Aug 2026 21:03:09,522 TestListener: 
--------------------------------------------------------------------------------
************************** Running Now **************************************
--------------------------------------------------------------------------------
Test Case Number in Current Execution: 39 / 41
Test Case Name: suites.productLine.ProductLineTests.add_stakeholder_to_productLine
Test Case Groups: [regression, PRO_REGRESSION, PRO_PRODUCT_PORTFOLIO]
--------------------------------------------------------------------------------

03 Aug 2026 21:03:10,721 MainUtils: Request Method => POST
 Request URI => https://accelerate-qa.calibo.com/elab/portfolios/30f7227f-c202-4896-be51-21ad25f2f7df/stakeholders
03 Aug 2026 21:03:10,722 MainUtils: Request Body => {
    "name": "e2e automation",
    "roleName": "MEMBER",
    "email": "e2e.automation@calibo.com",
    "username": "e2e.automation@calibo.com"
}
03 Aug 2026 21:03:10,722 MainUtils: Response Status => HTTP/1.1 200 
03 Aug 2026 21:03:10,722 MainUtils: Response Header: X-Traceid => 6a70b4b6dc32976924f58233fb8583ec
03 Aug 2026 21:03:10,723 MainUtils: 
 Response Body => {
    "id": "072b183a-da6d-4c4f-9d2c-023bf868bc7c",
    "teamCode": "ad1860e9-aa26-42b5-8296-177a0a00a4a8",
    "title": "PL_Auto_0khyXm",
    "email": "e2e.automation@calibo.com",
    "fullName": "e2e automation",
    "role": "MEMBER",
    "createdOn": "2026-08-03T15:33:10.685026"
}
03 Aug 2026 21:03:10,731 TestListener: 
Suite Execution Summary: 
Passed / Failed / Skipped / Total Tests: 39 / 0 / 0 / 41

Test Case: suites.productLine.ProductLineTests.add_stakeholder_to_productLine — PASSED
Execution Time: 1.21 seconds

03 Aug 2026 21:03:10,734 TestListener: 
--------------------------------------------------------------------------------
************************** Running Now **************************************
--------------------------------------------------------------------------------
Test Case Number in Current Execution: 40 / 41
Test Case Name: suites.productLine.ProductLineTests.add_duplicate_stakeholder_to_productLine
Test Case Groups: [regression, PRO_REGRESSION, PRO_PRODUCT_PORTFOLIO]
--------------------------------------------------------------------------------

03 Aug 2026 21:03:12,022 MainUtils: Request Method => POST
 Request URI => https://accelerate-qa.calibo.com/elab/portfolios/30f7227f-c202-4896-be51-21ad25f2f7df/stakeholders
03 Aug 2026 21:03:12,023 MainUtils: Request Body => {
    "name": "e2e automation",
    "roleName": "MEMBER",
    "email": "e2e.automation@calibo.com",
    "username": "e2e.automation@calibo.com"
}
03 Aug 2026 21:03:12,023 MainUtils: Response Status => HTTP/1.1 409 
03 Aug 2026 21:03:12,024 MainUtils: Response Header: X-Traceid => 6a70b4b725a28fa880da3668add4f972
03 Aug 2026 21:03:12,025 MainUtils: 
 Response Body => {
    "code": "elab0013",
    "message": "Member already exist. Please contact admin."
}
03 Aug 2026 21:03:12,038 TestListener: 
Suite Execution Summary: 
Passed / Failed / Skipped / Total Tests: 40 / 0 / 0 / 41

Test Case: suites.productLine.ProductLineTests.add_duplicate_stakeholder_to_productLine — PASSED
Execution Time: 1.30 seconds

03 Aug 2026 21:03:12,041 TestListener: 
--------------------------------------------------------------------------------
************************** Running Now **************************************
--------------------------------------------------------------------------------
Test Case Number in Current Execution: 41 / 41
Test Case Name: suites.productLine.ProductLineTests.delete_productLine
Test Case Groups: [regression, PRO_REGRESSION, PRO_PRODUCT_PORTFOLIO]
--------------------------------------------------------------------------------

03 Aug 2026 21:03:13,758 MainUtils: Request Method => DELETE
 Request URI => https://accelerate-qa.calibo.com/elab/portfolios/30f7227f-c202-4896-be51-21ad25f2f7df
03 Aug 2026 21:03:13,759 MainUtils: Request Body => {
    "comment": "Automation Cleanup"
}
03 Aug 2026 21:03:13,759 MainUtils: Response Status => HTTP/1.1 204 
03 Aug 2026 21:03:13,759 MainUtils: Response Header: X-Traceid => 6a70b4b9213dc581ccbfb0ac6d613a5c
03 Aug 2026 21:03:15,030 MainUtils: GET https://accelerate-qa.calibo.com/elab/portfolios/30f7227f-c202-4896-be51-21ad25f2f7df
03 Aug 2026 21:03:15,031 MainUtils: Response Status => HTTP/1.1 404 
03 Aug 2026 21:03:15,031 MainUtils: Response Header: X-Traceid => 6a70b4ba172d3f81b4e27a6f074fc4a2
03 Aug 2026 21:03:15,032 MainUtils: 
 Response Body => {
    "code": "AD404",
    "message": "The Product Portfolio 'PL_Auto_0khyXm edit' has been deleted."
}
03 Aug 2026 21:03:15,044 TestListener: 
Suite Execution Summary: 
Passed / Failed / Skipped / Total Tests: 41 / 0 / 0 / 41

Test Case: suites.productLine.ProductLineTests.delete_productLine — PASSED
Execution Time: 3.00 seconds

03 Aug 2026 21:03:15,047 ProductLineTests: ===== End: Product Line Tests execution =======
03 Aug 2026 21:03:16,392 MainUtils: GET https://accelerate-qa.calibo.com/configuration/settings/version
03 Aug 2026 21:03:16,393 MainUtils: Response Status => HTTP/1.1 200 
03 Aug 2026 21:03:16,393 MainUtils: Response Header: X-Traceid => 6a70b4bcea4ef63587d1af1faf8ff5d9
03 Aug 2026 21:03:16,394 MainUtils: 
 Response Body => {
    "version": "0.3.0"
}
03 Aug 2026 21:03:16,566 TestListener: ************** groups executed : PRO_PRODUCT_PORTFOLIO **************
03 Aug 2026 21:03:16,567 TestListener: Execution Summary : 
Total Tests: 41, Passed: 41, Failed: 0, Skipped: 0
03 Aug 2026 21:03:16,568 TestListener: ===== End of Tests Suite Execution =====
03 Aug 2026 21:03:23,432 MainUtils: Request Method => PATCH
 Request URI => https://accelerate-qa.calibo.com/keycloakadapter/userLogout
03 Aug 2026 21:03:23,432 MainUtils: Request Body => {
    "refreshToken": "eyJhbGciOiJIUzI1NiIsInR5cCIgOiAiSldUIiwia2lkIiA6ICI5MzI4MmEyZS0wZGNmLTQ5NDQtODllOC1kZmJjYzgwY2JmZTcifQ.eyJleHAiOjE3ODU4MTQyOTMsImlhdCI6MTc4NTc3MTA5NiwianRpIjoiMGI5MGI1YjktOWVkZS00ODFkLTg3MmItYThkMTI0YjljMmFiIiwiaXNzIjoiaHR0cHM6Ly9hY2NlbGVyYXRlLXFhLmNhbGliby5jb20vYXV0aC9yZWFsbXMvVGVuYW50Mjk2Mzg4IiwiYXVkIjoiaHR0cHM6Ly9hY2NlbGVyYXRlLXFhLmNhbGliby5jb20vYXV0aC9yZWFsbXMvVGVuYW50Mjk2Mzg4Iiwic3ViIjoiMTU0YWM5MmUtYzY0MS00NGYwLWFkOTYtMGQ3YzdjNmJlN2UyIiwidHlwIjoiUmVmcmVzaCIsImF6cCI6ImF6dXJlLWZlZCIsInNlc3Npb25fc3RhdGUiOiIxOWRmMjhmZi0zMjE4LTQyZDMtOTU2Yi00ZGM4NTNiOWY3OTQiLCJzY29wZSI6Im9wZW5pZCBwcm9maWxlIGVtYWlsIiwic2lkIjoiMTlkZjI4ZmYtMzIxOC00MmQzLTk1NmItNGRjODUzYjlmNzk0In0.p-K1UF6doo8cOWZZAXQ8mHnMDMA6cB1Mc46wFTi-RtI"
}
03 Aug 2026 21:03:23,433 MainUtils: Response Status => HTTP/1.1 200 
03 Aug 2026 21:03:23,433 MainUtils: Response Header: X-Traceid => 6a70b4c3476a7b77880e0e18e9f4d86a
03 Aug 2026 21:03:23,441 MainUtils: 
 Response Body => Success message - User logout successfully
